Ruc,Empresa,Establecimiento,Giro,Resolución,Código Sala,Vigencia,Dirección,Distrito,Provincia,Departamento
20265815830,CORPORACION TURISTICA PERUANA S.A.C.,ATLANTIC CITY,REST. 5TT,5363,110019002,20/01/2028,ALFREDO BENAVIDES No. 430,MIRAFLORES,LIMA,LIMA
20231843460,COSTA DEL SOL S.A.,MASARIS - TUMBES,HOTEL ****,117,110021001,17/01/2027,Calle SAN MARTIN No. 275 - 275,TUMBES,TUMBES,TUMBES
20305556786,GAMING AND SERVICES S.A.C.,JOKERS,HOTEL *****,1598,110032006,22/09/2026,Av. JOSE PARDO No. 422 - 422,MIRAFLORES,LIMA,LIMA
20305556786,GAMING AND SERVICES S.A.C.,FANTASTIC,HOTEL *****,1614,110032007,25/10/2026,Av. MALECON DE LA RESERVA No. 615,MIRAFLORES,LIMA,LIMA
20305556786,GAMING AND SERVICES S.A.C.,MIAMI,REST. 5TT,2917,110032008,11/07/2027,Av. LA MARINA No. 1725 - 1729,SAN MIGUEL,LIMA,LIMA
20305556786,GAMING AND SERVICES S.A.C.,CARRERA,HOTEL ****,3861 - 2025,110032009,4/06/2029,Av. ARENALES 1814-A No. 1814,LINCE,LIMA,LIMA
20305556786,GAMING AND SERVICES S.A.C.,DELUXE,REST. 5TT,285,110032011,5/02/2026,Av. CAYMA No. 701,CAYMA,AREQUIPA,AREQUIPA
20305556786,GAMING AND SERVICES S.A.C.,JOKER,REST. 5TT,1617,110032012,1/12/2026,Calle MERCADERES No. 303,AREQUIPA,AREQUIPA,AREQUIPA
20305556786,GAMING AND SERVICES S.A.C.,PORTAL HOTEL,HOTEL ****,131,110032013,3/04/2027,Otro PORTAL DE FLORES No. 104 - 106 - 110 - 116 - 118 - 120,AREQUIPA,AREQUIPA,AREQUIPA
20305556786,GAMING AND SERVICES S.A.C.,SAN CAMILO,HOTEL ***,1616,110032014,6/07/2026,Calle SAN CAMILO No. 102-A - 104,AREQUIPA,AREQUIPA,AREQUIPA
20305556786,GAMING AND SERVICES S.A.C.,SOL Y LUNA,REST. 5TT,2697,110032016,12/09/2026,Jr. SAN ROMAN No. 301,JULIACA,SAN ROMÁN,PUNO
20305556786,GAMING AND SERVICES S.A.C.,MALDONADO,REST. 5TT,1892,110032029,11/05/2027,Jr. LORETO No. 228,TAMBOPATA,TAMBOPATA,MADRE DE DIOS
20145118493,GOLDEN GAMING S.A.,TGM LA HACIENDA,HOTEL ****,37,110033001,13/01/2026,Av. 28 DE JULIO Y AV. LARCO 895 No. 531,MIRAFLORES,LIMA,LIMA
20346662612,GOLDEN INVESTMENT S.A.,TGM GOLDEN PALACE,REST. 5TT,7006 - 2024,110034001,20/11/2028,REPUBLICA DE PANAMA No. 3155 - 3165,SAN ISIDRO,LIMA,LIMA
20115363019,HOTEL SILMAR S.A.C.,RICHARD'S PALACE,REST. 5TT,000103,110036001,10/07/2027,Av. GRAU No. 201 y Jr. CASTROVIRREYNA No. 100,ICA,ICA,ICA
20115363019,HOTEL SILMAR S.A.C.,SUN CITY,REST. 5TT,000696,110036002,24/03/2026,Av. SAN MARTIN No. 973,ICA,ICA,ICA
20115363019,HOTEL SILMAR S.A.C.,SUN CITY,REST. 5TT,005040-2023,110036003,23/11/2028,Av. MARISCAL BENAVIDES No. 160 y Calle MANCO CAPAC No. 143,CHINCHA ALTA,CHINCHA,ICA
20391198897,INVERSIONES KYODO S.A.C.,EMPORIUM,REST. 5TT,3781,110049002,1/09/2027,Calle UCELLO No. 296,SAN BORJA,LIMA,LIMA
20387775219,TIERRA SUR ENTRETENIMIENTO S.C.R.L.,QUEEN'S,REST. 5TT,001131,110055004,23/07/2025,Av. MARISCAL BENAVIDES No. 101,CHINCHA ALTA,CHINCHA,ICA
20387775219,TIERRA SUR ENTRETENIMIENTO S.C.R.L.,QUEEN'S CHINCHA,REST. 5TT,1130,110055005,--,Plaza PLAZA DE ARMAS No. 254 - 298,CHINCHA ALTA,CHINCHA,ICA
20190016103,PALACIO REAL S.A.,SLOT PALACE,REST. 5TT,2138,110077001,26/07/2026,Av. DE LAS ARTES No. 392 - 398,SAN BORJA,LIMA,LIMA
20501463591,YAMASIA S.A.C.,GOLDEN NUGGET,REST. 5TT,11 - 2024,110135002,3/01/2029,Psje. EL SAUCE No. 122,LA MOLINA,LIMA,LIMA
20463564621,INTERSTATE GAMING DEL PERU S.A.,LUXOR,HOTEL ****,1448,110141001,11/12/2025,Av. SAN MARTIN No. 562,TACNA,TACNA,TACNA
20498152636,ALFIL DE ORO S.A.C.,ALFIL DE ORO,HOTEL ***,7925 - 2024,110171005,20/12/2028,Av. LIMA No. 138,CAMANÁ,CAMANÁ,AREQUIPA
20352472892,VBH VICTORIA BOUTIQUE HOTEL S.A.C.,RIO,HOTEL ****,000968,110177002,--,Jr. SAN MARTIN No. 475 y Jr. TACNA No. 601,CALLERIA,CORONEL PORTILLO,UCAYALI
20388082144,LOS ALAMOS MACHINES INVESTMENTS S.A.,KAVARI,REST. 5TT,5063 - 2024,110276007,29/08/2028,Av. PROCERES DE LA INDEPENDENCIA No. 3753,SAN JUAN DE LURIGANCHO,LIMA,LIMA
20498371354,INVERSIONES AMERICA S.A.C.,CANCUN,REST. 5TT,4040,110332001,22/12/2026,Otro Mz. F 3,JOSÉ LUIS BUSTAMANTE Y RIVERO,AREQUIPA,AREQUIPA
20498371354,INVERSIONES AMERICA S.A.C.,DUBAI,REST. 5TT,298 - 2025,110332003,16/01/2029,Otro MZ. D SECCION 3 Lt. 1,JOSÉ LUIS BUSTAMANTE Y RIVERO,AREQUIPA,AREQUIPA
20509831026,WAGER SLOTS S.A.C.,SALA TAHITI,HOTEL *****,1876,110406002,17/03/2027,Av. DEL PINAR No. 165 - 173 y Calle MONTEROSA No. 283 - 287,SANTIAGO DE SURCO,LIMA,LIMA
20486229684,SUN INVERSIONES S.A.C.,KANTA CITY,REST. 5TT,587 - 2025,110407011,29/01/2030,Av. CANTA CALLOA Mz. B,SAN MARTÍN DE PORRES,LIMA,LIMA
20509115941,ELECTRONIC COMPANY S.A.C.,MIKUNA PERU TRAGAMONEDAS,REST. 5TT,126 - 2024,110409005,15/01/2028,Av. HUANCARAY S/N MZ. E Lt. 12 - 13,SANTA ANITA,LIMA,LIMA
20502128150,MAK´S INTERNATIONAL S.C.R.L.,POSEIDON,HOTEL ***,001561 - 2020,110425007,16/11/2025,Calle Progreso No. 200 y Calle Teniente Cesar Lòpez No. 340,YURIMAGUAS,ALTO AMAZONAS,LORETO
20489398720,LA MONEDITA DE LA SUERTE S.C.R.L.,EL TINGO JUEGOS,REST. 5TT,1090 - 2025,110509003,18/02/2030,Av. TITO JAIME No. 881-885,RUPA-RUPA,LEONCIO PRADO,HUÁNUCO
20530811001,NEVADA ENTRETENIMIENTOS S.A.C.,COLVILLE,REST. 5TT,2513 - 2025,110511104,8/04/2029,Jr. UCAYALI No. 156,LIMA,LIMA,LIMA
20530811001,NEVADA ENTRETENIMIENTOS S.A.C.,ABANCAY 2,REST. 5TT,001442 - 2019,110511105,--,Av. VENEZUELA No. 103 - 105 - 107,ABANCAY,ABANCAY,APURÍMAC
20530811001,NEVADA ENTRETENIMIENTOS S.A.C.,LAMBAYEQUE 2,REST. 5TT,3098,110511110,10/10/2027,Calle ATAHUALPA No. 139,LAMBAYEQUE,LAMBAYEQUE,LAMBAYEQUE
20530811001,NEVADA ENTRETENIMIENTOS S.A.C.,SANTA ANITA 2,REST. 5TT,1426 - 2024,110511111,22/03/2029,Av. MANUE C. DE LA TORRE No. 180,SANTA ANITA,LIMA,LIMA
20530811001,NEVADA ENTRETENIMIENTOS S.A.C.,CAJAMARCA 4,REST. 5TT,1953 - 2025,110511112,20/03/2030,Av. ANDRES ZEVALLOS No. 2150,CAJAMARCA,CAJAMARCA,CAJAMARCA
20463145734,MESAC SLOT S.A.C.,CONTTENTO,REST. 5TT,2923 - 2025,110588011,25/04/2030,Av. Saenz Peña No. 572,CALLAO,PROV. CONST. DEL CALLAO,CALLAO
20507722092,GLADYS Y FRANCISCO S.A.C.,RUMBA SLOT,REST. 5TT,005201,110600004,1/12/2027,Av. LAS PALMERAS No. 3839,LOS OLIVOS,LIMA,LIMA
20531521987,NEGOCIACIONES E INVERSIONES DORAL S.A.C.,VILLA FORTUNA,REST. 5TT,001876,110615010,29/10/2026,Av. Oscar R. Benavides No. 4702-4704,BELLAVISTA,PROV. CONST. DEL CALLAO,CALLAO
20531521987,NEGOCIACIONES E INVERSIONES DORAL S.A.C.,VILLA FORTUNA,REST. 5TT,4320 - 2024,110615011,30/07/2029,Av. SAN MARTIN Y CALLE LOS CEREZOS No. 348-354 Y 155-155A,ICA,ICA,ICA
20493364899,INVERSIONES RIO AMAZONAS S.A.C.,AVENTURA,REST. 5TT,1845-2024,110654004,16/04/2029,Av. JOSE ABELARDO No. 901 - 905,BELÉN,MAYNAS,LORETO
20510542968,JUNGLE INVERSIONES S.A.C.,4 ASES,REST. 5TT,000993,110684007,27/05/2026,Jr. RIOJA No. 264,TARAPOTO,SAN MARTÍN,SAN MARTÍN
20510542968,JUNGLE INVERSIONES S.A.C.,4 ASES,REST. 5TT,001008,110684008,12/07/2026,Av. SEBASTIAN CAHUAS No. 545,HUARAL,HUARAL,LIMA
20530926673,LAS VEGAS DE HUARI S.A.C.,PACASMAYO,REST. 5TT,002265-2023,110709002,3/06/2027,Av. PACASMAYO MZ. F Lt. 17,SAN MARTÍN DE PORRES,LIMA,LIMA
20447700329,RECREATIVOS E INVERSIONES STEFANO S.A.C.,GOLDEN 777,HOTEL ***,3733,110722003,30/08/2027,Jr. BALTA No. 684,HUAMACHUCO,SÁNCHEZ CARRIÓN,LA LIBERTAD
20495742238,INVERSIONES EL SOL S.A.C.,PAKATNAMU,REST. 5TT,001199,110774001,25/06/2027,Calle LEONCIO PRADO No. 36,PACASMAYO,PACASMAYO,LA LIBERTAD
20495742238,INVERSIONES EL SOL S.A.C.,CASINO REAL MOCHE,REST. 5TT,001600,110774002,25/04/2028,Av. 28 DE JULIO INT. 101 No. 100,PACASMAYO,PACASMAYO,LA LIBERTAD
20513937327,INVERSIONES BARRA VELHA S.A.C.,TRAGAMONEDAS KIYA,HOTEL ***,006739-2024,110778001,5/11/2029,Av. GIRALDEZ No. 109,HUANCAYO,HUANCAYO,JUNÍN
20486133733,INVERSIONES GESTIONES Y SERVICIOS J & B S.C.R.L.,BLUE SKY II,REST. 5TT,004854,110792004,9/11/2027,"Av. JOSE CARLOS MARIATEGUI MZ. I LOTE 07, 1RA ETAPA DE LA COOPERATIVA DE VIVIENDA DE HUANCAYO No. 2493",EL AGUSTINO,LIMA,LIMA
20486133733,INVERSIONES GESTIONES Y SERVICIOS J & B S.C.R.L.,PARADISE,REST. 5TT,000721,110792005,24/02/2027,Jr. CORONEL GUERRA No. 110 - 112,CHUPACA,CHUPACA,JUNÍN
20515469380,RECREATIVOS EL GALEON S.A.C.,PACHANGA,REST. 5TT,3288 - 2025,110805002,13/05/2029,Av. AVIACION No. 2424 - 2428,SAN BORJA,LIMA,LIMA
20510171706,INVERSIONES Y SERVICIOS EL BASHA S.A.C.,BLACK JACK II,HOTEL ***,3211,110806002,26/07/2027,Calle ELIAS AGUIRRE No. 121,CHICLAYO,CHICLAYO,LAMBAYEQUE
20513315164,RECREATIVOS OLIMPIA S.A.C.,ATLANTIS I I,REST. 5TT,002501,110821003,15/06/2027,SANTA CATALINA No. 091 - 095,LA VICTORIA,LIMA,LIMA
20513433795,INVERSIONES STARGAMES S.A.C.,DUBAI PALACE,REST. 5TT,1742 - 2025,110836003,13/03/2029,Av. TOMAS VALLE S/N Mz. E Lt. 15,SAN MARTÍN DE PORRES,LIMA,LIMA
20511827079,INVERSIONES TEXANO S.A.C.,CUZCO,HOTEL ***,005007-2024,110837015,30/08/2028,Jr. HUÁNUCO No. 614,HUANUCO,HUÁNUCO,HUÁNUCO
20513020792,NEWPORT CAPITAL S.A.C.,HELLO HOLLYWOOD,REST. 5TT,1157 - 2024,110868010,7/03/2028,LA MARINA No. 2159,SAN MIGUEL,LIMA,LIMA
20516403811,THUNDERBIRD FIESTA CASINO-BENAVIDES S.A.C.,FIESTA CASINO BENAVIDES,REST. 5TT,1124,110992001,23/03/2027,Av. ALFREDO BENAVIDES No. 509,MIRAFLORES,LIMA,LIMA
20491975513,ISA PERU GROUP S.A.C.,GARDEN CITY CASINO,REST. 5TT,336,111145001,13/09/2027,Jr. FRANCISCO PIZARRO No. 638 - 644,TRUJILLO,TRUJILLO,LA LIBERTAD
20492144305,VISION GAMES CORPORATION S.A.C.,IMPERIO HUARAL I,REST. 5TT,495,111151006,13/02/2027,Calle DERECHA No. 620,HUARAL,HUARAL,LIMA
20491878585,ECA GAMING S.A.C.,COPACABANA,REST. 5TT,001364-2023,111158001,14/04/2027,Av. JUAN LECAROS No. 137,PUENTE PIEDRA,LIMA,LIMA
20556334103,TG IMPERIUS S.A.C.,TRAGAMONEDAS OBA OBA,REST. 5TT,876,111162001,18/06/2026,Av. LOS HEROES No. 510 - 512,SAN JUAN DE MIRAFLORES,LIMA,LIMA
20492540081,R & G GAMING S.A.C.,EL ENCANTO DE AMAZONAS,REST. 5TT,001885 - 2016,111169004,29/10/2026,Malecón BOLOGNESI LOTE 2 No. 25,REQUENA,REQUENA,LORETO
20521547589,RECREATIVOS VENECIA,COSTA RIVIERA,HOTEL ***,58 - 2024,111217003,9/01/2028,Av. ANTIGUA PANAMERICANA SUR No. 344 - 346,MALA,CAÑETE,LIMA
20124600589,REAL HOTEL S.R. LTDA,TRAGAMONEDAS REAL,HOTEL ***,001553-2024,111226001,1/04/2028,Av. GENERAL PRADO No. 697,HUANUCO,HUÁNUCO,HUÁNUCO
20521159066,INVERSIONES LATINO S.R.L.,FORTUNA,REST. 5TT,000666-2023,111234001,21/02/2027,Av. JHON KENNEDY No. 561,JOSÉ LEONARDO ORTIZ,CHICLAYO,LAMBAYEQUE
20521427257,BANIC SLOTS S.A.C.,CARNAVAL,HOTEL ***,6697 - 2024,111250002,5/11/2028,Jr. GRAU No. 351,NASCA,NAZCA,ICA
20494554021,INVERSIONES KATOKI S.A.C.,TRAGAMONEDAS GOTHIKA,HOTEL ***,003953-2024,111261001,16/07/2028,Av. SAN MARTIN No. 123 - 127,PISCO,PISCO,ICA
20557198459,ARISTRONIC SLOT S.A.C.,VEGAS SLOTS,REST. 5TT,005708 - 2024,111273001,26/09/2028,Av. CENTENARIO No. 271 - 273,CALLERIA,CORONEL PORTILLO,UCAYALI
20557198459,ARISTRONIC SLOT S.A.C.,YARINA PLAZA,HOTEL ***,001093-2025,111273005,7/03/2029,"Jr. 7 DE JUNIO N°270, MZ. 7 Lt. 4",YARINACOCHA,CORONEL PORTILLO,UCAYALI
20524616425,INVERSIONES KUAN S.A.C.,KINGSTON,REST. 5TT,1014,111301001,23/07/2025,VENEZUELA No. 1030,BREÑA,LIMA,LIMA
20528277951,HAPPY JACK S.A.C.,HAPPY JACK,REST. 5TT,1249,111339001,--,Jr. PUTUMAYO No. 1525,IQUITOS,MAYNAS,LORETO
20528277951,HAPPY JACK S.A.C.,LAS BAMBAS,REST. 5TT,1011,111339004,12/07/2026,Av. MARISCAL ANDRES AVELINO CACERES No. 1071,IQUITOS,MAYNAS,LORETO
20528277951,HAPPY JACK S.A.C.,SALA - SAN JUAN,REST. 5TT,3479 - 2024,111339005,27/06/2029,Av. JOSE ABELARDO QUIÑONES Km. 3.5 N 4014,SAN JUAN BAUTISTA,MAYNAS,LORETO
20536650718,INVERSIONES MASTER GAME S.A.C.,SUNSET,REST. 5TT,000741,111342001,--,Jr. MARISCAL LAS HERAS No. 252,LINCE,LIMA,LIMA
20528134093,AMAZON APART HOTEL S.A.C.,AMAZON CLUB,HOTEL ***,001018,111348001,12/07/2025,Jr. ELIAS AGUIRRE No. 1145 - 1151,BELÉN,MAYNAS,LORETO
20536683306,REC GAMES S.A.C.,KAPALUA,REST. 5TT,1280,111349001,28/01/2026,Jr. REAL No. 291,MALA,CAÑETE,LIMA
20487060705,VALMA S.A.C.,SOL DE ORO,REST. 5TT,2644,111354001,6/09/2026,Jr. BOLOGNESI 3RA No. 375 - 375,OXAPAMPA,OXAPAMPA,PASCO
20536542401,J.M.J. APOLO LIMA S.A.C.,RUMBA PISCO,REST. 5TT,001056,111357001,16/07/2025,Av. FERMIN TANGUIS LOCAL B-1 A BLOCK B No. 291,PISCO,PISCO,ICA
20451735340,INVERSIONES ROSMIT S.A.C.,SANTA ANITA,REST. 5TT,1772 - 2025,111406001,17/03/2029,Av. RUISEÑORES No. 226,SANTA ANITA,LIMA,LIMA
20526285477,WAMA GAMES S.A.C.,EL GALEON,REST. 5TT,966,111409001,21/04/2026,Calle SAN MARTÍN No. 320,SECHURA,SECHURA,PIURA
20392872427,MUNDO RECREATIVO S.A.C.,REAL SLOTS,REST. 5TT,002123,111416001,4/08/2026,"Av. LA ESTRELLA, CENTRO POBLADO SANTA CLARA No. 290",ATE,LIMA,LIMA
20392872427,MUNDO RECREATIVO S.A.C.,SANTA CLARA SLOT,REST. 5TT,002525,111416002,24/08/2027,Av. LAS ESTRELLAS NROS 125-125 B No. 125,ATE,LIMA,LIMA
20543578429,SLOT MACHINES R & P,EL PHARAON,HOTEL ***,000375,111430001,24/09/2025,Av. EMANCIPACION S/N LOTE 3 MZ- A.H MANUEL PRADO No. 83,CHALA,CARAVELÍ,AREQUIPA
20456073051,CIMETUR S.A.C.,CIMETUR,HOTEL ***,001768 - 2017,111448001,15/07/2026,Av. EL PROGRESO No. 121 - 121,URACA,CASTILLA,AREQUIPA
20541508652,ROYAL HOUSE GAMES S.A.C.,SATIPO PLAZA,REST. 5TT,000187,111455001,19/01/2027,Jr. FRANCISCO IRAZOLA No. 301 - 303 - 311 y Jr. MANUEL PRADO No. 293,SATIPO,SATIPO,JUNÍN
20541508652,ROYAL HOUSE GAMES S.A.C.,ATALAYA,REST. 5TT,1604 - 2025,111455005,11/03/2029,Calle URUBAMBA 536 - MZ.6 Lt. 16-E,RAYMONDI,ATALAYA,UCAYALI
20543608271,INVERSIONES GORRION S.A.C.,ORO NEGRO,REST. 5TT,643,111465001,24/03/2026,Psje. LA BANDERA MZ. C7 - EX. ZONA COMERCIAL Lt. 10,VENTANILLA,PROV. CONST. DEL CALLAO,CALLAO
20543608271,INVERSIONES GORRION S.A.C.,PALACIO DE ORO,REST. 5TT,4126 - 2024,111465003,19/07/2028,Av. SANTA ROSA MANZANA J Lt. 7,SAN MARTÍN DE PORRES,LIMA,LIMA
20546406688,EGASA PERU S.A.C.,CASINO LUCKIA,REST. 5TT,3477,111516001,14/11/2026,ALFREDO MENDIOLA No. 3698,INDEPENDENCIA,LIMA,LIMA
20529464178,RUBI GAMING S.A.C.,MACAO PIURA,REST. 5TT,1616,111527022,17/06/2026,Av. GUARDIA CIVIL No. Q-22,CASTILLA,PIURA,PIURA
20545188202,ABSOLUTE GAMES S.A.C.,LUCKIA,REST. 5TT,207 - 2024,111544002,19/01/2028,Av. LA MARINA No. 662 y Calle SANTA CECILIA No. 107 - 119,PUEBLO LIBRE,LIMA,LIMA
20547203942,MERIDIAN SLOT S.A.C.,MERIDIAN SLOT,HOTEL ***,000198,111602001,25/04/2027,Av. GRAU No. 588-A,SANTA ANA,LA CONVENCIÓN,CUSCO
20547203942,MERIDIAN SLOT S.A.C.,MERIDIAN SLOT,HOTEL ***,005700,111602002,30/12/2027,Jr. SALAMANCA No. 1176,CHACHAPOYAS,CHACHAPOYAS,AMAZONAS
20549595082,INVERSIONES LIAN KUAN S.A.C.,SALA KINGSTON,REST. 5TT,944,111641002,10/09/2025,Av. CESAR VALLEJO MZ. I LT. 18 SECTOR 02 GRUPO 10,VILLA EL SALVADOR,LIMA,LIMA
20548009911,CASINO MOLLENDO S.A.C.,EL GALEON DE ORO,REST. 5TT,002053 - 2016,111643002,13/07/2026,"Otro AVIS BAHIA DEL PUERTO, LT. 1-C.C. PLAZA PACIFICO Mz. D - D",ISLAY,ISLAY,AREQUIPA
20550264839,ELITE GAMING PERU S.A.C.,MR. MONEY,HOTEL ***,005451 - 2018,111647001,26/05/2027,REPUBLICA DEL PERU No. 321,AGUAS VERDES,ZARUMILLA,TUMBES
20550264839,ELITE GAMING PERU S.A.C.,ARABIA,REST. 5TT,3892 - 2025,111647002,9/06/2029,HEROES DEL CENEPA Lt. D-01,PARIÑAS,TALARA,PIURA
20550264839,ELITE GAMING PERU S.A.C.,MANCORA,HOTEL ***,000702,111647003,24/03/2026,Av. GRAU No. 133,MANCORA,TALARA,PIURA
20548462828,ALSHIR GAMING S.A.C.,EL ENCANTO,REST. 5TT,001160,111655006,30/07/2025,Jr. ALFONSO UGARTE No. 572 - 598 y Jr. MARISCAL CASTILLA No. 373 - 399,JUANJUÍ,MARISCAL CÁCERES,SAN MARTÍN
20549706500,DREAMS CORPORATION S.A.C.,PACHANGA,REST. 5TT,4185 - 2024,111668003,22/07/2028,"Av. CARLOS IZAGUIRRE, LOTE 24 Mz. C",INDEPENDENCIA,LIMA,LIMA
20549949828,INVERSIONES DIVERSAS GALYAC S.A.C.,LA EMPERATRIZ,REST. 5TT,005690,111690001,29/12/2027,Jr. REAL No. 511,MALA,CAÑETE,LIMA
20558091941,GRUPHO RICHARD S.A.C.,TRES CAÑONES DE ORO,HOTEL ***,005584,111721001,21/12/2027,Av. SAN MARTIN No. 331,ESPINAR,ESPINAR,CUSCO
20267973653,TRANSYTOUR S.R.L.,Montreal,REST. 5TT,80 - 2025,111741004,6/01/2030,Av. Gran Chimu No. 419 -423,SAN JUAN DE LURIGANCHO,LIMA,LIMA
20551688225,CORPORACION BACARA SLOTS S.A.C.,RIVAAGUERO I I,REST. 5TT,000392,111748002,21/03/2027,Av. JOSE DE LA RIVA AGUERO No. 1302 - 1304,EL AGUSTINO,LIMA,LIMA
20566569010,GAMECO PERU S.A.C.,LUCKY DRAGON,REST. 5TT,005701,111886002,30/12/2027,Av. LA MARINA No. 1668,PUEBLO LIBRE,LIMA,LIMA
20600353943,AMELIC INVERSIONES S.A.C.,CASMA SLOT,REST. 5TT,001738,111908002,23/06/2026,Av. LUIS ORMEÑO MZ. J LT. 6 - CASCO URBANO Lt. 6,CASMA,CASMA,ÁNCASH
20600480171,JASA RECREATIVO S.A.C.,EL MERCAO,REST. 5TT,000881,111945001,18/04/2026,Av. MARIANO IGNACIO PRADO No. 418,CHILCA,CAÑETE,LIMA
20600480171,JASA RECREATIVO S.A.C.,PACIFICO,REST. 5TT,000287,111945002,27/01/2027,Av. PACIFICO LOTE 64 Mz. K-2,NUEVO CHIMBOTE,SANTA,ÁNCASH
20600573544,INVERSIONES FANTASY NYT S.A.C.,FANTASY FORTUNA,REST. 5TT,002711-2023,111963001,29/06/2027,Av. CIRCUNVALACION MZ. B Lt. 2,PICHANAQUI,CHANCHAMAYO,JUNÍN
20600822137,JUNCO RECREATIVOS S.A.C.,RETABLO SLOT,REST. 5TT,003865 - 2019,111969001,--,Av. VICTOR ANDRES BELAUNDE OESTE No. 897-A,COMAS,LIMA,LIMA
20600872843,INVERSIONES ROYLIN S.A.C.,SUPE SLOT,REST. 5TT,003051,111973001,27/02/2027,Av. FRANCISCO VIDAL No. 406 y Calle CALLE BOLIVAR No. 418,SUPE,BARRANCA,LIMA
20600872843,INVERSIONES ROYLIN S.A.C.,FUNDICIÓN SLOT,REST. 5TT,001712,111973002,3/05/2028,Av. LAS PALMERAS MZ. A LOTE 36 Lt. 36,PUENTE PIEDRA,LIMA,LIMA
20600162188,OPTIMUS GAMES S.A.C.,OPTIMUS,HOTEL *****,001229,111974001,12/05/2026,Av. EL GOLF No. 585,VICTOR LARCO HERRERA,TRUJILLO,LA LIBERTAD
20600557301,SLOT CASINO SELVA S.A.C.,RIO SELVA,REST. 5TT,1710,112026004,21/07/2027,Jr. ALFONSO UGARTE No. 1270,TARAPOTO,SAN MARTÍN,SAN MARTÍN
20601074347,FOUR WINNERS S.A.C.,SAN MARTIN,REST. 5TT,174,112062003,18/01/2028,Av. PROCERES DE LA INDEPENDENCIA No. 3407 Mz. B-1,SAN JUAN DE LURIGANCHO,LIMA,LIMA
20600815904,LUXOR ENTERTAINMENT S.A.C.,LUXOR,REST. 5TT,1883,112092001,21/01/2027,Jr. NORIEGA No. 341,JULIACA,SAN ROMÁN,PUNO
20601751896,RECREATIVOS SAN NICOLAS S.A.C.,GOLDEN NUGGET - MALA,REST. 5TT,001209 - 2020,112113004,24/08/2025,Jr. REAL N° 192 MZ 21 LOTE 13 Mz. 21,MALA,CAÑETE,LIMA
20601716853,CUÑAPE INVERSIONES S.A.C.,ATLANTIS CHOTA,HOTEL ***,004206,112122001,28/09/2027,Av. INCA GARCILASO DE LA VEGA No. 119,CHOTA,CHOTA,CAJAMARCA
20602038336,MAXDELS GAMING S.A.C.,RIMAC PALACE,REST. 5TT,001321 - 2024,112133001,20/03/2028,Av. FELIPE ARANCIBIA No. 635,RÍMAC,LIMA,LIMA
20602150136,INVERSIONES MUSTAFA SLOT S.A.C.,MARDI GRAS,REST. 5TT,4168 - 2024,112146002,22/07/2029,Malecón SAN MARTIN Mz. 7,PUCUSANA,LIMA,LIMA
20602340130,INVERSIONES LUMIRA S.A.C.,BIG BANG,HOTEL ***,002622,112164001,21/06/2027,Calle AMERICA No. 1042,CUTERVO,CUTERVO,CAJAMARCA
20548505900,JEHADHA S.A.C.,SAN CARLOS,REST. 5TT,4190 - 2025,112182003,11/06/2029,Av. PROCERES DE LA INDEPENDENCIA No. 2780,SAN JUAN DE LURIGANCHO,LIMA,LIMA
20602312161,GOLDEN PHARAOH S.A.C.,TRAGAMONEDAS MANCHAY,REST. 5TT,000933,112187002,15/03/2027,Av. VICTOR MALASQUEZ MZ. C Lt. 06 B,PACHACAMAC,LIMA,LIMA
20602312161,GOLDEN PHARAOH S.A.C.,TRAGAMONEDAS CHILCA,REST. 5TT,2874,112187003,19/09/2027,Av. Mariano Ignacio Prado No. 369,CHILCA,CAÑETE,LIMA
20602232761,PACHACUTEC GAMING S.A.C.,PACHACUTEC CITY,REST. 5TT,1225 - 2025,112205001,25/02/2029,Otro MZ. J SECTOR D3 Lt. 11,VENTANILLA,PROV. CONST. DEL CALLAO,CALLAO
20602904246,PACHA SLOTS S.A.C.,PACHA SLOT,REST. 5TT,3949 - 2025,112211001,4/06/2029,Av. PROLONGACIÓN 225 PROYECTO PILOTO NUEVO PACHACUTEC MZ. C SECTOR D Lt. 13,VENTANILLA,PROV. CONST. DEL CALLAO,CALLAO
20603434880,REVOLUTION GAMING S.A.C.,FLOWERS,REST. 5TT,000091,112255004,26/01/2026,Av. CANTO GRANDE No. 2366 - 2368,SAN JUAN DE LURIGANCHO,LIMA,LIMA
20603656041,INVERSIONES ESTRELLA VILLA RICA SAC,VILLA ESTRELLA,HOTEL ***,000321,112276002,22/03/2026,Jr. MARCOS CENEPA No. 393 - 397,VILLA RICA,OXAPAMPA,PASCO
20604245487,CA & LE GAMING S.A.C.,KRAKATOA,REST. 5TT,003158,112299001,21/07/2028,Av. VICTOR RAÚL HAYA DE LA TORRE MZ. A LOTE 2 ASENTAMIENTO HUMANO 5 DE FEBRERO Lt. 2,PAITA,PAITA,PIURA
20515529625,INVERSIONES ANCASH S.A.C.,MANHATTAN,REST. 5TT,001374 - 2020,112306001,12/10/2025,Av. CARLOS IZAGUIRRE MZ. B. LT. 2 Mz. B,SAN MARTÍN DE PORRES,LIMA,LIMA
20605436022,INVERSIONES MEGA GAMING SAC,SAN JUAN I,REST. 5TT,1311,112368003,19/02/2026,Av. PROCERES DE LA INDEPENDENCIA No. 1649 - 1649 - 1655,SAN JUAN DE LURIGANCHO,LIMA,LIMA
20604983739,CORPORACION JASPE S.A.C.,CRYSTAL PALACE,REST. 5TT,001003,112389002,9/07/2026,Av. GENERAL GARZON No. 1243,JESÚS MARÍA,LIMA,LIMA
20606320788,INVERSIONES BORA BORA SAC,DUBAI,REST. 5TT,2200,112404001,16/07/2026,Jr. MORONA No. 182,IQUITOS,MAYNAS,LORETO
20602001823,GOLDEN ASOCIADOS S.A.C.,GOLDEN STAR,HOTEL ***,002992,112409001,29/09/2027,Av. SESQUICENTENARIO No. 777-A,CHICLAYO,CHICLAYO,LAMBAYEQUE
20605908781,SELVA PALMERA SAC,RUMBA PALMERA,REST. 5TT,3546,112448001,16/11/2027,Jr. LIMA No. 1461,TARAPOTO,SAN MARTÍN,SAN MARTÍN
20608568205,INVERSIONES HOLDING CLUB S.A.C.,EL ENKANTO DE ORO,REST. 5TT,4474,112450001,16/10/2028,Av. Tomas Valle Mz. C,SAN MARTÍN DE PORRES,LIMA,LIMA
20608973975,RECREACIONES CHACHI S.A.C.,CHACHI,REST. 5TT,004991,112458001,16/11/2028,Jr. UCAYALI 375 MZ. 53 LOTE 03 Lt. 3,CALLERIA,CORONEL PORTILLO,UCAYALI
20608119010,INVERSIONES ESTE OESTE S.A.C.,SALA GRAND PALACE,REST. 5TT,005135-2023,112480001,29/11/2028,Av. EJERCITO Nro 607 Lt. A,YANAHUARA,AREQUIPA,AREQUIPA
20608690868,INTERGAMING PERU S.A.C.,CLEOPATRA,REST. 5TT,6968 - 2024,112485003,26/03/2030,Av. PROCERES DE LA INDEPENDENCIA No. 5240,SAN JUAN DE LURIGANCHO,LIMA,LIMA
20609972981,GRUPHO RICARD S.A.C.,GOLDEN CIUDAD MUNICIPAL,REST. 5TT,004994-2023,112510001,17/11/2028,Otro VIA AREQUIPA - YURA CIUDAD MUNICIPAL CALLE 1 NUM S/N Lt. 5,CERRO COLORADO,AREQUIPA,AREQUIPA
20609972981,GRUPHO RICARD S.A.C.,GOLDEN PORONGOCHE,REST. 5TT,2881 - 2025,112510002,24/04/2030,Av. PORONGOCHE No. 508,JOSÉ LUIS BUSTAMANTE Y RIVERO,AREQUIPA,AREQUIPA
20610696563,CAPSTONE ENTRETENIMIENTOS S.A.C.,SAN MIGUEL,REST. 5TT,005042-2023,112560001,23/11/2028,Av. LA MARINA No. 2893 - 2895,SAN MIGUEL,LIMA,LIMA
20601342724,LAFAYETTE HOLDINGS SAC,NUEVO FORTUNA,REST. 5TT,004856-2024,112628001,22/08/2029,Av. ARENALES No. 2189 y Av. AREQUIPA No. 2130 y Jr. RISSO No. 126,LINCE,LIMA,LIMA
20605613005,NIGHT ENTERTAIMENT S.A.C.,GOLDEN NIGHT,REST. 5TT,6144 - 2024,112630001,14/10/2029,"Otro Asentamiento Humano Villa María del Triunf Mz. G1, Sub Lote 15-a, Sector Villa María del Triunfo .",VILLA MARÍA DEL TRIUNFO,LIMA,LIMA
20612374024,INVERSIONES GAMAZA S.A.C.,TRAGAMONEDAS AMAZON,REST. 5TT,6290 - 2024,112631001,17/10/2029,Av. ELIAS AGUIRRE No. 793,IQUITOS,MAYNAS,LORETO
20612351652,STAR DIVERSIONES SOCIEDAD ANONIMA CERRADA,STAR DIVERSIONES S.A.C,HOTEL ****,4075 - 2025,112636001,6/06/2030,Jr. NAPO No. 127,IQUITOS,MAYNAS,LORETO
20265815830,CORPORACION TURISTICA PERUANA S.A.C.,ATLANTIC CITY,,5421,120019001,14/12/2027,ALFREDO BENAVIDES No. 400 y LARCO No. 701,MIRAFLORES,LIMA,LIMA
20324265067,"COSMOS REPRESENTACIONES, SERVICIOS Y COMERCIO S.A.C.",COSMOS MATIC,,002650-2023,120020001,12/07/2027,Av. PIURA No. 900 - 902 - 904,TUMBES,TUMBES,TUMBES
20302871427,FLAMINGO GAMES S.A.C.,EL DORADO CALLAO,,3576,120028001,21/11/2026,Av. SAENZ PEÑA No. 619 - 619,CALLAO,PROV. CONST. DEL CALLAO,CALLAO
20302871427,FLAMINGO GAMES S.A.C.,RIO,,001439,120028004,17/04/2027,Av. BRASIL No. 3798,MAGDALENA DEL MAR,LIMA,LIMA
20305556786,GAMING AND SERVICES S.A.C.,AVIACION,,984,120032017,--,Av. AVIACION No. 3315 - 3317,SAN BORJA,LIMA,LIMA
20305556786,GAMING AND SERVICES S.A.C.,BARRANCO,,508,120032018,3/03/2026,Av. GRAU No. 254,BARRANCO,LIMA,LIMA
20305556786,GAMING AND SERVICES S.A.C.,CHORRILLOS,,4317 - 2025,120032019,13/06/2029,Av. GUARDIA CIVIL No. 163,CHORRILLOS,LIMA,LIMA
20305556786,GAMING AND SERVICES S.A.C.,LIBERTY BENAVIDES,,4042 - 2025,120032021,5/06/2029,Av. BENAVIDES No. 2199-A,MIRAFLORES,LIMA,LIMA
20305556786,GAMING AND SERVICES S.A.C.,MANCO CAPAC,,4318 - 2025,120032022,17/06/2029,Av. MANCO CAPAC No. 582 - 584 - 586,LA VICTORIA,LIMA,LIMA
20305556786,GAMING AND SERVICES S.A.C.,MORELLI,,000642 - 2017,120032023,--,Av. JAVIER PRADO No. 2100 - 2120 - 2140,SAN BORJA,LIMA,LIMA
20305556786,GAMING AND SERVICES S.A.C.,SALA CHIMBOTE,,1577,120032024,3/03/2026,Av. VICTOR RAUL HAYA DE LA TORRE No. 746,CHIMBOTE,SANTA,ÁNCASH
20172013521,INVERSIONES DREAM S.A.,BINGO GARDEN,,002742 - 2017,120042001,25/11/2025,Otro CONJUNTO RESIDENCIAL S.FELIPE-TIENDA 67-D (CENTRO COMERCIAL) Int. 76 - 77 - 78 - 79,JESÚS MARÍA,LIMA,LIMA
20391198897,INVERSIONES KYODO S.A.C.,EMPORIUM,,524,120049001,--,Calle UCELLO No. 200 - 220,SAN BORJA,LIMA,LIMA
20307257603,INVERSIONES MAJU S.A.C.,DINERO MAGICO,,001043,120053001,25/04/2026,Av. PERU No. 3085,SAN MARTÍN DE PORRES,LIMA,LIMA
20307257603,INVERSIONES MAJU S.A.C.,MAJU - PISCO,,002059,120053003,22/05/2027,Av. SAN JUAN DE DIOS No. 118 - 124,PISCO,PISCO,ICA
20297159128,JUEGOS Y DIVERSIONES ORIENTAL SOCIEDAD COMERCIAL DE RESPONSABILIDAD LIMITADA - JUDIO S.R.L.,SALONES DE JUEGOS EL REY,,000958,120061001,--,Av. SUCRE No. 637 - 641 - 645,PUEBLO LIBRE,LIMA,LIMA
20303120409,LUNAC S.A.C.,LADY LUCkY,,001418,120066001,18/05/2027,JAVIER PRADO ESTE No. 2778,SAN BORJA,LIMA,LIMA
20272423246,POKER S.R.L.,BABILONIA,,002535,120080001,21/02/2027,Av. EL SOL No. 343 - 345,CUSCO,CUSCO,CUSCO
20300619186,PRAGOABANT INVERSIONES S.C.R.L.,REAL TRAGAMONEDAS 777 - RIMAC,,001940,120081004,11/07/2026,Av. FELIPE ARANCIBIA No. 767 - 769,RÍMAC,LIMA,LIMA
20113528045,PROYECCIONES AUDIO VOX S.A.C.,BINGO TRAGAMONEDAS CHINCHA,,002500,120084002,15/06/2027,Av. PLAZA DE ARMAS No. 328,CHINCHA ALTA,CHINCHA,ICA
20113528045,PROYECCIONES AUDIO VOX S.A.C.,BINGO TRAGAMONEDAS ICA,,001869-2023,120084003,9/05/2027,Calle LIMA No. 351,ICA,ICA,ICA
20401793641,S.K.H. S.R.L.,TORRE TORRE SLOT PALACE,,001597,120096001,25/08/2026,Av. GIRALDEZ No. 133 - 137 y Calle REAL No. 526,HUANCAYO,HUANCAYO,JUNÍN
20302798916,TG & JP S.C.R.L.,OBA OBA,,3122,120098002,19/07/2027,Jr. BOLOGNESI No. 105 - 107 - 109,LURIN,LIMA,LIMA
20302798916,TG & JP S.C.R.L.,OBA OBA,,1122,120098003,23/03/2027,Av. RAYMUNDO RAMOS No. 401,IMPERIAL,CAÑETE,LIMA
20268759515,CONCESIONES Y ENTRETENIMIENTOS MAGDALENA S.A.C.,EPOCA DORADA,,001991 - 2017,120108001,24/11/2025,Jr. AUGUSTO BOLOGNESI No. 262 - 264,MAGDALENA DEL MAR,LIMA,LIMA
20472621514,INVERSIONES PRETEL'S S.A.,SALON CALIFORNIA,,001233 - 2020,120119001,--,Av. NICOLAS AYLLON No. 1138,SAN LUIS,LIMA,LIMA
20333610842,JUEGOS Y ENTRETENIMIENTOS S.A.,EL REGALON,,003561-2023,120125001,23/08/2027,Av. NICOLAS AYLLON No. 5189,ATE,LIMA,LIMA
20305373193,NEGOCIOS SEVILLA S.A.C.,SALON SEVILLA,,004081-2023,120127001,19/09/2027,Av. EDUARDO HABICH No. 496 - 498,SAN MARTÍN DE PORRES,LIMA,LIMA
20415874155,ROYAL GARDEN S.A.C.,BLACK JACK,,002799,120128003,5/07/2027,Av. NICOLAS ARRIOLA No. 2387,LA VICTORIA,LIMA,LIMA
20501463591,YAMASIA S.A.C.,CARNAVAL,,1899,120135001,10/05/2027,Av. AVIACION No. 2506 - 2510,SAN BORJA,LIMA,LIMA
20447328586,ENNIL S.R.L.,SUMAC,,002756-2023,120169001,6/07/2027,Jr. HUANUCO No. 558,HUANUCO,HUÁNUCO,HUÁNUCO
20498152636,ALFIL DE ORO S.A.C.,SALON DE JUEGOS QUEEN,,2149,120171003,26/11/2025,Otro BOULEVARD 28 DE JULIO No. 180 - 180,CAMANÁ,CAMANÁ,AREQUIPA
20485982699,LAS VEGAS S.R.L.,LAS VEGAS,,000443,120180001,22/02/2026,Jr. PROGRESO No. 381,SAN RAMÓN,CHANCHAMAYO,JUNÍN
20503322251,GAMES AND SERVICES S.A.C,QUEEN'S PISCO,,1495 - 2024,120181001,28/03/2028,Calle COMERCIO No. 180,PISCO,PISCO,ICA
20447351219,KOLLQUI PERU S.C.R.L.,EL SOL,,1594 - 2025,120184001,7/03/2029,Jr. LIMA No. 567,TARMA,TARMA,JUNÍN
20447351219,KOLLQUI PERU S.C.R.L.,EL TREBOL,,001723 - 2024,120184002,11/04/2028,Jr. SAN CRISTOBAL No. 287,CHAUPIMARCA,PASCO,PASCO
20447351219,KOLLQUI PERU S.C.R.L.,EL PICAFLOR,,000812,120184003,--,Jr. DOS DE MAYO No. 399,TARMA,TARMA,JUNÍN
20505304188,EDEN PERU S.A.C.,EL DORADO,,001940-2023,120201003,13/05/2027,Av. PROCERES DE LA INDEPENDENCIA No. 1683,SAN JUAN DE LURIGANCHO,LIMA,LIMA
20505141297,RIO GAMING S.A.C.,PARISIAN,,002128,120241001,25/05/2027,Av. RICARDO PALMA No. 250 - 250,MIRAFLORES,LIMA,LIMA
20505141297,RIO GAMING S.A.C.,PLAY,,000618,120241004,15/03/2026,Av. LOS HEROES No. 460-A,SAN JUAN DE MIRAFLORES,LIMA,LIMA
20416084395,LA PERLA DEL SUR S.A.C.,LA PERLA DEL SUR,,777,120251003,8/04/2026,Av. ALMIRANTE MIGUEL GRAU No. 1000 - 1006,CALLAO,PROV. CONST. DEL CALLAO,CALLAO
20107172646,SERVICIOS DIVERSOS EL ALTIPLANO S.R.L.,CIUDAD Y CAMPO,,004464,120253001,13/10/2027,Av. RESTAURACION No. 215,RÍMAC,LIMA,LIMA
20107172646,SERVICIOS DIVERSOS EL ALTIPLANO S.R.L.,LA FLORIDA,,000886 - 2015,120253002,22/03/2027,Av. FELIPE ARANCIBIA No. 735 - 739,RÍMAC,LIMA,LIMA
20452377536,JUEGOS Y DIVERSIONES ORIENTAL S.C.R.L.,JUEGOS Y DIVERSIONES ORIENTAL,,002601-2024,120255001,22/05/2028,Calle FRANCISCO No. 181-A No. 181,PISCO,PISCO,ICA
20503865204,CORPORACION AGUILAR S.A.C.,EL GANADOR,,4074,120257001,23/12/2026,Jr. ASAMBLEA No. 218,AYACUCHO,HUAMANGA,AYACUCHO
20505491271,NEGOCIACIONES Y REPRESENTACIONES DUSANC S.A.C.,BONANZA,,004082-2023,120262001,19/09/2027,Av. SAENZ PEÑA No. 465,CALLAO,PROV. CONST. DEL CALLAO,CALLAO
20388082144,LOS ALAMOS MACHINES INVESTMENTS S.A.,CUBATTA,,000919,120276002,--,Av. CUBA No. 1120 - 1122 - 1124 - 1126 - 1130,JESÚS MARÍA,LIMA,LIMA
20388082144,LOS ALAMOS MACHINES INVESTMENTS S.A.,TRIBECA,,001264 - 2017,120276003,4/03/2026,Av. LOS PROCERES No. 7886 - 7888,LOS OLIVOS,LIMA,LIMA
20503108683,ALAMEDA GAMING S.A.C.,EL FARAON II,,002879,120305004,16/04/2027,Av. BENJAMIN FRANKLIN 630 MZ. A2 5 y Av. BENJAMIN FRANKLIN 632 MZ. A2 6,ATE,LIMA,LIMA
20506936781,INVERSIONES SOLENKA S.A.C.,SOLENKA,,004655 - 2018,120309003,12/06/2027,Av. EDUARDO DE HABICH No. 288,SAN MARTÍN DE PORRES,LIMA,LIMA
20507342699,INVERSIONES LUNA LLENA S.A.C.,EL TESORO ESCONDIDO,,3121,120331001,19/07/2027,Av. DEFENSORES DEL MORRO No. 611,CHORRILLOS,LIMA,LIMA
20502695151,INVERSIONES Y REPRESENTACIONES CECAR S.A.C.,LAS VEGAS,,3046,120342001,17/07/2027,Av. VICTOR RAUL HAYA DE LA TORRE No. 668 - 672 y Jr. MANUEL RUIZ No. 277 - 281,CHIMBOTE,SANTA,ÁNCASH
20473452198,ASPEN INTERNATIONAL S.A.C.,EL VALLE DE LA FORTUNA,,004110-2023,120383002,20/09/2027,Av. GIRALDEZ No. 320,HUANCAYO,HUANCAYO,JUNÍN
20473452198,ASPEN INTERNATIONAL S.A.C.,CHORRILLOS,,1978,120383003,19/10/2027,Av. DEFENSORES DEL MORRO No. 976,CHORRILLOS,LIMA,LIMA
20509831026,WAGER SLOTS S.A.C.,CASINO TAHITI I,,3205,120406001,27/07/2027,DEL PINAR No. 183 - 191,SANTIAGO DE SURCO,LIMA,LIMA
20486229684,SUN INVERSIONES S.A.C.,VENEZUELA,,3187 - 2025,120407005,7/05/2029,Av. ALFONSO UGARTE No. 1212 y Av. VENEZUELA No. 605,BREÑA,LIMA,LIMA
20486229684,SUN INVERSIONES S.A.C.,EL PALACIO,,1261 - 2025,120407006,25/02/2029,Av. NICOLAS DE PIEROLA No. 392,LIMA,LIMA,LIMA
20486229684,SUN INVERSIONES S.A.C.,HUANDOY,,4175 - 2025,120407007,10/06/2029,Av. NARANJAL MZ A-3 LOTE 28 Y 30 No. 1438 - 1450,LOS OLIVOS,LIMA,LIMA
20510153040,SILVERBELL S.A.C.,LA SUERTE,,001281,120415002,15/03/2027,Jr. UCAYALI No. 718 - 720,LIMA,LIMA,LIMA
20510626479,IMPORT & EXPORT GOLDEN S.A.C.,GOLDEN COIN,,1191,120420001,--,Av. AGUSTIN DE LA ROSA TORO No. 1045,SAN LUIS,LIMA,LIMA
20509250139,HM & C INVESTMENT S.A.C.,RICO MAC PATO,,4710,120439001,27/10/2027,Calle BOLIVAR No. 1555,JAÉN,JAÉN,CAJAMARCA
20493328400,INVERSIONES TURISTICAS TRAPECIO AMAZONICO S.A.C.,TRAPECIO AMAZONICO,,002511,120445001,15/06/2027,Jr. PROSPERO No. 1001 y Jr. RAMIREZ HURTADO No. 1008,IQUITOS,MAYNAS,LORETO
20531542470,EMPRESA PICOTA SLOT S.A.C.,MARAÑON,,003055-2023,120465004,18/07/2027,Av. RIO MARAÑON No. 609,LOS OLIVOS,LIMA,LIMA
20511755060,CORPORACION FRANSUA S.A.C.,PAGAMONEDAS,,3659,120466001,25/08/2027,Av. CAPITAN SOTO S/N No. 5TA CUADRA,VILLA RICA,OXAPAMPA,PASCO
20491268914,"SERV. DE ENTRETENIMIENTOS,DISTRACCION Y HOSTELERIA INTERNACIONAL S.A.C.",EL EMPERADOR,,003028-2023,120469005,16/10/2027,Jr. BOLOGNESI No. 157,SAN VICENTE DE CAÑETE,CAÑETE,LIMA
20508813938,J & L GAMING S.A.C.,KOKOMO,,001233,120481001,21/04/2027,Jr. GALVEZ No. 263,BARRANCA,BARRANCA,LIMA
20512807501,RECREACIONES STAR S.R.L.,QUEEN'S TARMA,,1021 - 2024,120491002,27/02/2028,Jr. MOQUEGUA No. 654,TARMA,TARMA,JUNÍN
20506579067,MEFLO S.A.C.,HABANA SLOT,,002308,120504001,20/06/2027,Calle COMERCIO MZA. V Lt. 11,MARCONA,NAZCA,ICA
20506579067,MEFLO S.A.C.,BONANZA,,003215,120504004,7/06/2027,Jr. AMAZONAS No. 825,CHACHAPOYAS,CHACHAPOYAS,AMAZONAS
20506579067,MEFLO S.A.C.,HABANA SLOT,,001942,120504005,11/07/2026,Jr. ESPINAR No. 323 - 327,SANTA ANA,LA CONVENCIÓN,CUSCO
20334620183,SUN NIPPON COMPANY S.A.C.,LUXOR,,1788,120510003,30/06/2026,Av. PRIMAVERA No. 1500,SANTIAGO DE SURCO,LIMA,LIMA
20334620183,SUN NIPPON COMPANY S.A.C.,MYSTIC SLOT,,1341,120510007,12/05/2026,Calle AYACUCHO No. 171,CUSCO,CUSCO,CUSCO
20530811001,NEVADA ENTRETENIMIENTOS S.A.C.,SANTA ANITA,,2108,120511002,27/07/2026,Av. LAS ALONDRAS No. 303 - 305,SANTA ANITA,LIMA,LIMA
20530811001,NEVADA ENTRETENIMIENTOS S.A.C.,MANCO CAPAC,,3706 - 2025,120511003,3/06/2029,MANCO CAPAC No. 1000 - 1010,LA VICTORIA,LIMA,LIMA
20530811001,NEVADA ENTRETENIMIENTOS S.A.C.,ZARATE 3,,002074 - 2017,120511004,27/11/2025,Av. GRAN CHIMU No. 798,SAN JUAN DE LURIGANCHO,LIMA,LIMA
20530811001,NEVADA ENTRETENIMIENTOS S.A.C.,PUNO 2,,757,120511006,7/04/2026,"Jr. LIMA No. 442, INT. 2",PUNO,PUNO,PUNO
20530811001,NEVADA ENTRETENIMIENTOS S.A.C.,SALA ANDAHUAYLAS 2,,1079,120511007,22/07/2025,Jr. RAMON CASTILLA No. 502,ANDAHUAYLAS,ANDAHUAYLAS,APURÍMAC
20530811001,NEVADA ENTRETENIMIENTOS S.A.C.,SALA ANDAHUAYLAS 1,,1022,120511008,20/07/2025,Jr. RAMON CASTILLA No. 488,ANDAHUAYLAS,ANDAHUAYLAS,APURÍMAC
20530811001,NEVADA ENTRETENIMIENTOS S.A.C.,SALA CHOSICA 2,,527,120511009,5/03/2026,Jr. AREQUIPA No. 348,LURIGANCHO,LIMA,LIMA
20530811001,NEVADA ENTRETENIMIENTOS S.A.C.,SALA CHICLAYO 1,,001400,120511010,25/05/2026,Av. PEDRO RUIZ No. 976,CHICLAYO,CHICLAYO,LAMBAYEQUE
20530811001,NEVADA ENTRETENIMIENTOS S.A.C.,CUSCO 1,,1395,120511011,22/04/2026,Calle ALMAGRO No. 149,CUSCO,CUSCO,CUSCO
20530811001,NEVADA ENTRETENIMIENTOS S.A.C.,CHINCHA 1,,2282,120511012,9/08/2026,Av. OSCAR BENAVIDES No. 196 - 196 - 198 - 198 y Jr. CALLAO No. 175 - 175 - 185 - 185 - 195 - 195,CHINCHA ALTA,CHINCHA,ICA
20530811001,NEVADA ENTRETENIMIENTOS S.A.C.,SALA CHINCHA 4,,000060 - 2019,120511013,--,Av. OSCAR BENAVIDES No. 391,CHINCHA ALTA,CHINCHA,ICA
20530811001,NEVADA ENTRETENIMIENTOS S.A.C.,PUCALLPA 3,,003187 - 2018,120511015,--,Jr. SUCRE No. 637,CALLERIA,CORONEL PORTILLO,UCAYALI
20530811001,NEVADA ENTRETENIMIENTOS S.A.C.,SALA HUACHO 1,,000388 - 2017,120511016,12/12/2025,Av. 28 DE JULIO No. 530,HUACHO,HUAURA,LIMA
20530811001,NEVADA ENTRETENIMIENTOS S.A.C.,HUARMEY 2,,3641,120511017,24/08/2027,Av. CABO ALBERTO REYES No. 203,HUARMEY,HUARMEY,ÁNCASH
20530811001,NEVADA ENTRETENIMIENTOS S.A.C.,SALA CUSCO 2,,3886,120511018,16/08/2027,Calle MESON DE LA ESTRELLA No. 140 - 144,CUSCO,CUSCO,CUSCO
20530811001,NEVADA ENTRETENIMIENTOS S.A.C.,SALA CHICLAYO 2,,3716 - 2025,120511019,4/06/2029,Av. BALTA No. 1318,CHICLAYO,CHICLAYO,LAMBAYEQUE
20530811001,NEVADA ENTRETENIMIENTOS S.A.C.,HUARAL 1,,001767 - 2017,120511020,9/06/2026,Calle DERECHA No. 500 - 500,HUARAL,HUARAL,LIMA
20530811001,NEVADA ENTRETENIMIENTOS S.A.C.,TUMBES 2,,4767,120511021,16/01/2028,Jr. SIMON BOLIVAR No. 316,TUMBES,TUMBES,TUMBES
20530811001,NEVADA ENTRETENIMIENTOS S.A.C.,ABANCAY 1,,835,120511023,27/09/2025,Av. ARENAS No. 170,ABANCAY,ABANCAY,APURÍMAC
20530811001,NEVADA ENTRETENIMIENTOS S.A.C.,SALA PIURA 2,,774,120511024,9/11/2025,Av. MARTIRES DE UCHURAJA MZ. A SUB Lt. 4B-1 - 4B-2,PIURA,PIURA,PIURA
20530811001,NEVADA ENTRETENIMIENTOS S.A.C.,SALA LAMBAYEQUE,,001650 - 2020,120511025,--,Av. RAMON CASTILLA No. 781,LAMBAYEQUE,LAMBAYEQUE,LAMBAYEQUE
20530811001,NEVADA ENTRETENIMIENTOS S.A.C.,SALA PIURA 1,,3463,120511027,11/09/2027,Av. LORETO No. 574 - 576 y Jr. CALLAO No. 828,PIURA,PIURA,PIURA
20530811001,NEVADA ENTRETENIMIENTOS S.A.C.,SALA CHIMBOTE 1,,895,120511028,23/09/2025,Jr. LEONCIO PRADO 623 No. 623,CHIMBOTE,SANTA,ÁNCASH
20530811001,NEVADA ENTRETENIMIENTOS S.A.C.,SALA COMAS 2,,000833,120511029,--,Av. TUPAC AMARU No. 5721,COMAS,LIMA,LIMA
20530811001,NEVADA ENTRETENIMIENTOS S.A.C.,SALA CHIMBOTE 3,,739,120511030,14/11/2025,Jr. ELIAS AGUIRRE No. 220,CHIMBOTE,SANTA,ÁNCASH
20530811001,NEVADA ENTRETENIMIENTOS S.A.C.,MOQUEGUA,,3123,120511034,20/07/2027,Calle MOQUEGUA No. 686,MOQUEGUA,MARISCAL NIETO,MOQUEGUA
20530811001,NEVADA ENTRETENIMIENTOS S.A.C.,SALA VENTANILLA 2,,335,120511035,30/01/2027,"Psje. LA BANDERA, LT. 15 Y 16 Mz. C-8",VENTANILLA,PROV. CONST. DEL CALLAO,CALLAO
20530811001,NEVADA ENTRETENIMIENTOS S.A.C.,TARAPOTO 1,,1134,120511037,27/03/2027,Jr. SAN MARTIN No. 168 - 170,TARAPOTO,SAN MARTÍN,SAN MARTÍN
20530811001,NEVADA ENTRETENIMIENTOS S.A.C.,CHINCHA 3,,3110,120511038,25/07/2027,MARISCAL BENAVIDES No. 220 - 226,CHINCHA ALTA,CHINCHA,ICA
20530811001,NEVADA ENTRETENIMIENTOS S.A.C.,SALA AYACUCHO,,5164,120511039,30/11/2027,Jr. GARCILAZO DE LA VEGA No. 401 - 403,AYACUCHO,HUAMANGA,AYACUCHO
20530811001,NEVADA ENTRETENIMIENTOS S.A.C.,CAJAMARCA 3,,1519,120511040,9/06/2026,Jr. MARAÑON No. 235,CAJAMARCA,CAJAMARCA,CAJAMARCA
20530811001,NEVADA ENTRETENIMIENTOS S.A.C.,SALA IQUITOS 3,,3191,120511043,14/03/2027,Jr. PROSPERO No. 725,IQUITOS,MAYNAS,LORETO
20530811001,NEVADA ENTRETENIMIENTOS S.A.C.,SALA IQUITOS 6,,2173,120511044,26/05/2027,Jr. NAPO No. 375,IQUITOS,MAYNAS,LORETO
20530811001,NEVADA ENTRETENIMIENTOS S.A.C.,SALA IQUITOS 4,,1985,120511045,19/05/2027,Jr. PROSPERO No. 533 - 535,IQUITOS,MAYNAS,LORETO
20530811001,NEVADA ENTRETENIMIENTOS S.A.C.,SALA SULLANA 3,,2129,120511046,26/07/2026,Calle SAN MARTIN No. 734,SULLANA,SULLANA,PIURA
20530811001,NEVADA ENTRETENIMIENTOS S.A.C.,LURIN,,1639,120511048,30/06/2026,Jr. BOLOGNESI No. 149,LURIN,LIMA,LIMA
20530811001,NEVADA ENTRETENIMIENTOS S.A.C.,SALA LOS OLIVOS 2,,2423,120511049,19/08/2026,Av. CARLOS IZAGUIRRE No. 486,LOS OLIVOS,LIMA,LIMA
20530811001,NEVADA ENTRETENIMIENTOS S.A.C.,MOYOBAMBA 1,,2178,120511050,26/05/2027,Jr. SERAFIN FILOMENO No. 615 - 617,MOYOBAMBA,MOYOBAMBA,SAN MARTÍN
20530811001,NEVADA ENTRETENIMIENTOS S.A.C.,BAGUA GRANDE,,3671,120511051,28/08/2027,Jr. MESONES MURO No. 335,BAGUA GRANDE,UTCUBAMBA,AMAZONAS
20530811001,NEVADA ENTRETENIMIENTOS S.A.C.,JAEN,,1930,120511052,12/07/2026,Av. ALFONSO VILLANUEVA PINILLOS No. 146 - 148,JAÉN,JAÉN,CAJAMARCA
20530811001,NEVADA ENTRETENIMIENTOS S.A.C.,LOS OLIVOS 3,,1449,120511053,8/12/2025,Av. ANTUNEZ DE MAYOLO No. 1220,LOS OLIVOS,LIMA,LIMA
20530811001,NEVADA ENTRETENIMIENTOS S.A.C.,ILO,,964,120511054,17/03/2027,Av. 28 DE JULIO No. 212,ILO,ILO,MOQUEGUA
20530811001,NEVADA ENTRETENIMIENTOS S.A.C.,SALA CANTO GRANDE 1,,001462,120511056,10/09/2025,Av. SAN MARTIN 215 MZ. K-1 LOTE 26 Lt. 26,SAN JUAN DE LURIGANCHO,LIMA,LIMA
20530811001,NEVADA ENTRETENIMIENTOS S.A.C.,SALA CHORRILLOS,,000825,120511057,12/04/2026,Av. DEFENSORES DEL MORRO No. 914,CHORRILLOS,LIMA,LIMA
20530811001,NEVADA ENTRETENIMIENTOS S.A.C.,CAJAMARCA 2,,2600,120511058,1/09/2026,Av. LOS HEROES No. 466 - 466,CAJAMARCA,CAJAMARCA,CAJAMARCA
20530811001,NEVADA ENTRETENIMIENTOS S.A.C.,JULIACA 3,,2616,120511060,6/09/2026,RAUL PORRAS BARRENECHEA No. 494 - 496,JULIACA,SAN ROMÁN,PUNO
20530811001,NEVADA ENTRETENIMIENTOS S.A.C.,SALA SAN GERMAN,,59,120511061,2/12/2025,Av. UNIVERSITARIA NORTE (ANTES AV. UNIVERSITARIA 705) No. 1105 - 1113,SAN MARTÍN DE PORRES,LIMA,LIMA
20530811001,NEVADA ENTRETENIMIENTOS S.A.C.,SALA AREQUIPA 1,,219,120511062,31/01/2026,Calle MERCADERES No. 408A,AREQUIPA,AREQUIPA,AREQUIPA
20530811001,NEVADA ENTRETENIMIENTOS S.A.C.,SALA HUARAZ 2,,1135,120511063,17/03/2026,Av. MARISCAL TORIBIO DE LUZURIAGA No. 421,HUARAZ,HUARAZ,ÁNCASH
20530811001,NEVADA ENTRETENIMIENTOS S.A.C.,SALA HUARAZ 5,,2450,120511065,24/08/2026,Av. LUZURIAGA No. 477 - 477 - 479 - 479,HUARAZ,HUARAZ,ÁNCASH
20530811001,NEVADA ENTRETENIMIENTOS S.A.C.,SALA HUARAZ 4,,509,120511066,9/06/2026,Av. FITZCARRALD No. 272 - 272,HUARAZ,HUARAZ,ÁNCASH
20530811001,NEVADA ENTRETENIMIENTOS S.A.C.,SALA AREQUIPA 2,,000204,120511068,31/01/2026,Calle PORTAL DE SAN AGUSTIN No. 115A - 119,AREQUIPA,AREQUIPA,AREQUIPA
20530811001,NEVADA ENTRETENIMIENTOS S.A.C.,SALA COMAS 5,,1640,120511069,30/06/2026,Av. MEXICO No. 478,COMAS,LIMA,LIMA
20530811001,NEVADA ENTRETENIMIENTOS S.A.C.,SALA CAJAMARCA 1,,1580,120511071,28/06/2027,Jr. AMALIA PUGA No. 424 y Jr. TARAPACA No. 786,CAJAMARCA,CAJAMARCA,CAJAMARCA
20530811001,NEVADA ENTRETENIMIENTOS S.A.C.,SALA SAN JUAN 6,,1048,120511072,17/07/2025,"Av. VARGAS MACHUCA, ZONA B No. 336",SAN JUAN DE MIRAFLORES,LIMA,LIMA
20530811001,NEVADA ENTRETENIMIENTOS S.A.C.,SAN JUAN 4,,2027,120511073,18/07/2026,Av. LOS HEROES No. 1180 - 1180 A,SAN JUAN DE MIRAFLORES,LIMA,LIMA
20530811001,NEVADA ENTRETENIMIENTOS S.A.C.,BARRANCO 1,,75,120511074,13/01/2027,Av. GRAU No. 421 - 423,BARRANCO,LIMA,LIMA
20530811001,NEVADA ENTRETENIMIENTOS S.A.C.,SALA DOS DE MAYO,,84,120511075,18/01/2026,Av. ALFONSO UGARTE No. 436,LIMA,LIMA,LIMA
20530811001,NEVADA ENTRETENIMIENTOS S.A.C.,SAN MARTIN 3,,3670,120511076,28/08/2027,Av. PERU No. 3621 - 3623 - 3625 - 3629,SAN MARTÍN DE PORRES,LIMA,LIMA
20530811001,NEVADA ENTRETENIMIENTOS S.A.C.,SALA TARAPOTO 5,,1984,120511077,19/05/2027,Jr. JIMENEZ PIMENTEL No. 456,TARAPOTO,SAN MARTÍN,SAN MARTÍN
20530811001,NEVADA ENTRETENIMIENTOS S.A.C.,TARAPOTO 4,,1873,120511078,21/11/2026,Jr. JIMENEZ PIMENTEL No. 117,TARAPOTO,SAN MARTÍN,SAN MARTÍN
20530811001,NEVADA ENTRETENIMIENTOS S.A.C.,TARAPOTO 3,,3177,120511079,25/07/2027,Jr. SAN MARTIN No. 180,TARAPOTO,SAN MARTÍN,SAN MARTÍN
20530811001,NEVADA ENTRETENIMIENTOS S.A.C.,SALA SULLANA 1,,3104,120511080,18/07/2027,Av. SAN MARTIN No. 590,SULLANA,SULLANA,PIURA
20530811001,NEVADA ENTRETENIMIENTOS S.A.C.,IQUITOS 2,,3125,120511081,25/07/2027,Jr. NAPO No. 302 - 308 - 312,IQUITOS,MAYNAS,LORETO
20530811001,NEVADA ENTRETENIMIENTOS S.A.C.,SALA TUMBES 3,,1784,120511082,7/07/2026,Av. TUMBES No. 229 - 231,TUMBES,TUMBES,TUMBES
20530811001,NEVADA ENTRETENIMIENTOS S.A.C.,ICA 2,,3118,120511083,13/03/2027,Av. MUNICIPALIDAD No. 100 - 104 - 110 - 114,ICA,ICA,ICA
20530811001,NEVADA ENTRETENIMIENTOS S.A.C.,SALA SAN MARTIN 4,,1397,120511084,29/06/2026,Av. PERU No. 1758,SAN MARTÍN DE PORRES,LIMA,LIMA
20530811001,NEVADA ENTRETENIMIENTOS S.A.C.,ICA 1,,2327,120511085,5/06/2027,Av. GRAU No. 385 - 389,ICA,ICA,ICA
20530811001,NEVADA ENTRETENIMIENTOS S.A.C.,SALA ZARATE 4,,372,120511086,2/02/2027,Av. GRAN CHIMU No. 653,SAN JUAN DE LURIGANCHO,LIMA,LIMA
20530811001,NEVADA ENTRETENIMIENTOS S.A.C.,SALA TUMBES 1,,1786,120511088,30/06/2026,Av. TUMBES NORTE No. 265 - 271,TUMBES,TUMBES,TUMBES
20530811001,NEVADA ENTRETENIMIENTOS S.A.C.,SAN MARTIN 5,,3707,120511089,28/08/2027,Av. PERU No. 3634,SAN MARTÍN DE PORRES,LIMA,LIMA
20530811001,NEVADA ENTRETENIMIENTOS S.A.C.,SALA ELIO,,103,120511092,23/05/2026,Av. REYNALDO SAAVEDRA PIÑON No. 2615 - 2617,LIMA,LIMA,LIMA
20530811001,NEVADA ENTRETENIMIENTOS S.A.C.,SALA COLONIAL,,182,120511093,26/01/2026,Av. OSCAR R. BENAVIDES No. 3112,BELLAVISTA,PROV. CONST. DEL CALLAO,CALLAO
20530811001,NEVADA ENTRETENIMIENTOS S.A.C.,TRUJILLO 1,,001106,120511096,29/04/2026,Av. CESAR VALLEJO No. 237,TRUJILLO,TRUJILLO,LA LIBERTAD
20530811001,NEVADA ENTRETENIMIENTOS S.A.C.,TRUJILLO 2,,3048,120511101,17/07/2027,Jr. GRAU No. 467,TRUJILLO,TRUJILLO,LA LIBERTAD
20530811001,NEVADA ENTRETENIMIENTOS S.A.C.,VENTANILLA 3,,300,120511102,16/03/2027,"Av. AYACUCHO, LT. 20 AGRUPAMIENTO MI PERU Mz. A - A",VENTANILLA,PROV. CONST. DEL CALLAO,CALLAO
20531543280,HUNG Y YONG S.A.C.,PICHANAKI,,1407,120515003,14/04/2027,Jr. 24 DE SETIEMBRE No. 717,PICHANAQUI,CHANCHAMAYO,JUNÍN
20531543280,HUNG Y YONG S.A.C.,MILANO,,4311,120515005,3/10/2027,Jr. TARMA No. 217,CHANCHAMAYO,CHANCHAMAYO,JUNÍN
20508585293,INVERSIONES RECREATIVOS GUERRERO S.A.C.,EL TESORO,,002621-2023,120526003,22/06/2027,Jr. 28 DE JULIO No. 240,AYACUCHO,HUAMANGA,AYACUCHO
20510630239,NEGOCIACIONES Y REPRESENTACIONES AMILUZ S.A.C.,DOLPHINS,,005045,120527003,23/11/2027,Otro SECTOR 2 MZ. N GRUPO 9 Lt. 1,VILLA EL SALVADOR,LIMA,LIMA
20509252000,MILLENNIUM GAME S.A.C.,SALA DE JUEGOS WINGS,,1585,120547001,17/06/2026,Calle PUNO No. 339 - 339,BELLAVISTA,SULLANA,PIURA
20509252000,MILLENNIUM GAME S.A.C.,WINGS,,1251,120547002,24/06/2026,Av. LAS VIOLETAS No. 758 - 760 - 762,INDEPENDENCIA,LIMA,LIMA
20452721172,INVERSIONES ARMEL S.A.C.,FORTUNA,,3086,120578001,18/07/2027,"SAENZ PEÑA, MZ. R LT. 7 BARRIO CERCADO Mz. 108 - 110 - 112 - 114",HUANTA,HUANTA,AYACUCHO
20505155751,GAMING Y SOLUCIONES S.A.C.,GOOD LUCK,REST. 5TT,001719 - 2020,120579006,21/12/2025,OLAYA MZ. M Lt. 22,URACA,CASTILLA,AREQUIPA
20463145734,MESAC SLOT S.A.C.,TRAGAMONEDAS LAS MALVINAS,,001557,120588003,14/11/2027,Av. ARGENTINA No. 194,LIMA,LIMA,LIMA
20463145734,MESAC SLOT S.A.C.,REAL SLOT,,004188,120588004,7/02/2027,Av. BOLIVIA No. 110,LIMA,LIMA,LIMA
20463145734,MESAC SLOT S.A.C.,SLOT AND FIESTA,,002351,120588005,16/12/2025,Av. 28 DE JULIO No. 325 y Calle JOSE T. GARCIA No. 118,HUACHO,HUAURA,LIMA
20463145734,MESAC SLOT S.A.C.,SLOT AND FIESTA,,000614-2024,120588007,8/02/2028,Av. TUPAC AMARU No. 1017,COMAS,LIMA,LIMA
20463145734,MESAC SLOT S.A.C.,SLOT AND FIESTA,,001988,120588008,19/09/2026,Av. TORIBIO DE LUZURIAGA No. 557,HUARAZ,HUARAZ,ÁNCASH
20513831847,INVERSIONES Y RECREACIONES REYMAR S.A.C.,DOLPHINS,,160 - 2024,120590001,16/01/2028,Av. TUPAC AMARU No. 6651,COMAS,LIMA,LIMA
20507722092,GLADYS Y FRANCISCO S.A.C.,COMAS SLOT,,002208,120600002,29/05/2027,Av. TUPAC AMARU No. 3852 - 3854,COMAS,LIMA,LIMA
20513478896,AUROM S.A.C.,EL GANADOR 2,,000351,120614001,21/09/2027,Av. GUILLERMO DE LA FUENTE No. 360 - 362,COMAS,LIMA,LIMA
20531521987,NEGOCIACIONES E INVERSIONES DORAL S.A.C.,VILLA FORTUNA,,3817 - 2024,120615002,10/07/2028,Calle SAN MARTIN No. 736 y Calle ZELA No. 741,TACNA,TACNA,TACNA
20531521987,NEGOCIACIONES E INVERSIONES DORAL S.A.C.,PARE2 & N9NES,,367 - 2025,120615003,21/01/2029,Calle MERCADERES No. 202 - 208,AREQUIPA,AREQUIPA,AREQUIPA
20531521987,NEGOCIACIONES E INVERSIONES DORAL S.A.C.,PARES Y NONES CUSCO,,5146 - 2024,120615004,3/09/2028,Calle MESON DE LA ESTRELLA No. 124,CUSCO,CUSCO,CUSCO
20531521987,NEGOCIACIONES E INVERSIONES DORAL S.A.C.,VILLA FORTUNA - ILO,,1509 - 2025,120615005,4/03/2029,Av. MARIANO LINO URQUIETA No. 200 - 202,ILO,ILO,MOQUEGUA
20531521987,NEGOCIACIONES E INVERSIONES DORAL S.A.C.,VILLA FORTUNA,,1595,120615006,27/09/2025,Calle SAN JUAN DE DIOS No. 112 - 114,AREQUIPA,AREQUIPA,AREQUIPA
20511943575,INVERSIONES NAPAN S.R.L,TIO RICO I,,002502,120623001,15/06/2027,Av. CAQUETÁ No. 1160 - 1170,RÍMAC,LIMA,LIMA
20511943575,INVERSIONES NAPAN S.R.L,TIO RICO III,,002710,120623003,28/06/2028,Av. MÉXICO No. 1691,LA VICTORIA,LIMA,LIMA
20530926592,GAME M & A S.A.C.,CLUB GAME 777,,004513,120624001,17/10/2027,"Otro PROYECTO INTEGRAL CHAVARRIA ZONA II, MZ.A Lt. 5",LOS OLIVOS,LIMA,LIMA
20486254441,SALTADITAS DE LA SUERTE S.A.C.,SUN CITY - ELIO,,003733,120625002,25/11/2026,Av. REYNALDO SAAVEDRA PINON No. 2683,LIMA,LIMA,LIMA
20486254441,SALTADITAS DE LA SUERTE S.A.C.,SUN CITY,,003011,120625003,14/06/2027,Av. ANGAMOS ESTE No. 830 - 840,SURQUILLO,LIMA,LIMA
20493364899,INVERSIONES RIO AMAZONAS S.A.C.,SAFARI,,002839,120654001,20/06/2027,Jr. NAPO No. 118 - 128,IQUITOS,MAYNAS,LORETO
20493364899,INVERSIONES RIO AMAZONAS S.A.C.,EL PARRAL,,002354-2023,120654002,7/06/2027,Calle ARICA No. 158,IQUITOS,MAYNAS,LORETO
20493364899,INVERSIONES RIO AMAZONAS S.A.C.,FORTUNA,,002929-2023,120654003,12/07/2027,Calle MARISCAL CASTILLA No. 108,YURIMAGUAS,ALTO AMAZONAS,LORETO
20258385994,CASTILLO DE ORO S.A.,CASTILLO DE ORO,,4179,120676001,25/09/2027,Av. SAENZ PEÑA No. 506,CALLAO,PROV. CONST. DEL CALLAO,CALLAO
20258385994,CASTILLO DE ORO S.A.,MR. MONEDA,,001243,120676003,12/05/2026,Av. ABANCAY No. 1109,LIMA,LIMA,LIMA
20258385994,CASTILLO DE ORO S.A.,SEÑOR BILLETE,,4145,120676004,21/09/2027,Jr. GRAU No. 326,PACHACAMAC,LIMA,LIMA
20495648215,INVERSIONES BALORA S.A.C.,TGM ATLANTIS,,003054-2023,120683002,18/07/2027,Jr. 2 DE MAYO No. 444,CAJAMARCA,CAJAMARCA,CAJAMARCA
20495648215,INVERSIONES BALORA S.A.C.,CALIFORNIA,,002263,120683005,1/06/2027,Av. BALTA No. 240-B,MOQUEGUA,MARISCAL NIETO,MOQUEGUA
20510542968,JUNGLE INVERSIONES S.A.C.,4 ASES,,002045,120684001,18/07/2026,Av. CESAR VALLEJO No. 225,TRUJILLO,TRUJILLO,LA LIBERTAD
20510542968,JUNGLE INVERSIONES S.A.C.,SALA 4 ASES - HUARAL,,001109,120684003,--,Av. CAHUAS No. 449,HUARAL,HUARAL,LIMA
20505328877,LEGUITALIA S.A.C.,BLUE STAR,,005420,120688001,14/12/2027,Av. GIRALDEZ No. 145,HUANCAYO,HUANCAYO,JUNÍN
20511532516,TEXAS GAMING CORPORATION S.A.C.,PHARAOHS CITY,,001154,120694001,23/10/2027,Calle LAS CAOBAS No. 118,LA MOLINA,LIMA,LIMA
20511532516,TEXAS GAMING CORPORATION S.A.C.,RICH & FAMOUS,,001193,120694002,13/10/2027,Jr. LOS FLAMENCOS No. 122,SANTA ANITA,LIMA,LIMA
20530811183,ALPAMAYO INVERSIONES S.A.C.,SALA COMAS 1,,2840,120695001,7/07/2027,Av. TUPAC AMARU No. 4809 - 4815 - 4819 - 4821,COMAS,LIMA,LIMA
20530811183,ALPAMAYO INVERSIONES S.A.C.,COMAS 4,,1076,120695002,22/07/2025,Av. TUPAC AMARU No. 6021 - 6027,COMAS,LIMA,LIMA
20530811183,ALPAMAYO INVERSIONES S.A.C.,SALA SAN MARTIN 1,,4645,120695003,24/10/2027,Av. PERU No. 3098,SAN MARTÍN DE PORRES,LIMA,LIMA
20530811183,ALPAMAYO INVERSIONES S.A.C.,COMAS 3,,1559,120695004,9/06/2026,Av. BELAUNDE OESTE No. 280 - 284,COMAS,LIMA,LIMA
20530811183,ALPAMAYO INVERSIONES S.A.C.,SALA ZARATE 1,,1313,120695005,19/01/2026,Av. GRAN CHIMU No. 868-A,SAN JUAN DE LURIGANCHO,LIMA,LIMA
20530811183,ALPAMAYO INVERSIONES S.A.C.,SALA GAMARRA 1,,997,120695006,28/04/2026,Jr. HIPOLITO UNANUE No. 1675 - 1681,LA VICTORIA,LIMA,LIMA
20530811183,ALPAMAYO INVERSIONES S.A.C.,SALA VILLA 2,,2822,120695007,6/07/2027,Av. JUAN VELASCO ALVARADO 2DO.SECTOR MZ. N Lt. 13,VILLA EL SALVADOR,LIMA,LIMA
20530811183,ALPAMAYO INVERSIONES S.A.C.,SALA TACNA,,1230,120695008,12/08/2025,Calle SAN MARTIN CON CALLE BOLIVAR 518 (ANTES 524) Y 530 No. 549 - 557,TACNA,TACNA,TACNA
20530811183,ALPAMAYO INVERSIONES S.A.C.,CHOSICA 1,,1979,120695009,18/07/2026,Av. 28 DE JULIO No. 289 y Jr. CALLAO No. 178,LURIGANCHO,LIMA,LIMA
20530811183,ALPAMAYO INVERSIONES S.A.C.,BOLIVAR,,000288,120695010,12/07/2025,Av. BOLIVAR No. 1833,PUEBLO LIBRE,LIMA,LIMA
20530811183,ALPAMAYO INVERSIONES S.A.C.,JULIACA 1,,189,120695011,31/05/2026,Jr. SAN ROMAN No. 216,JULIACA,SAN ROMÁN,PUNO
20530811183,ALPAMAYO INVERSIONES S.A.C.,BARRANCA 1,,1972,120695012,13/07/2026,Jr. JOSE GALVEZ No. 245 - 245 - 247 - 247,BARRANCA,BARRANCA,LIMA
20530811183,ALPAMAYO INVERSIONES S.A.C.,IQUITOS 1,,1815,120695013,9/05/2027,Jr. PROSPERO No. 248 - 250,IQUITOS,MAYNAS,LORETO
20530811183,ALPAMAYO INVERSIONES S.A.C.,BARRANCA 3,,882,120695014,10/03/2027,Jr. JOSE GALVEZ No. 201 - 209 - 217,BARRANCA,BARRANCA,LIMA
20530811183,ALPAMAYO INVERSIONES S.A.C.,SALA SAN JUAN 1,,1534,120695015,17/09/2025,Av. LOS HEROES 482-484 No. 484 y Av. LOS HEROES No. 482,SAN JUAN DE MIRAFLORES,LIMA,LIMA
20530811183,ALPAMAYO INVERSIONES S.A.C.,SALA JULIACA 2,,521,120695016,9/03/2026,Av. MARIANO NUÑEZ No. 574,JULIACA,SAN ROMÁN,PUNO
20530811183,ALPAMAYO INVERSIONES S.A.C.,SALA BARRANCA 2,,002402 - 2017,120695017,27/11/2025,Jr. JOSE GALVEZ No. 511 - 511,BARRANCA,BARRANCA,LIMA
20530811183,ALPAMAYO INVERSIONES S.A.C.,SALA HUACHO 2,,1208,120695018,10/08/2025,Calle COLON No. 102,HUACHO,HUAURA,LIMA
20530811183,ALPAMAYO INVERSIONES S.A.C.,SAN MARTIN 2,,705,120695019,27/02/2027,PERU No. 1800 - 1804,SAN MARTÍN DE PORRES,LIMA,LIMA
20530811183,ALPAMAYO INVERSIONES S.A.C.,HUARAZ 1,,1766,120695020,7/07/2026,Av. LUZURIAGA No. 570,HUARAZ,HUARAZ,ÁNCASH
20530811183,ALPAMAYO INVERSIONES S.A.C.,HUACHO 3,,1143,120695021,18/05/2026,ECHENIQUE No. S/N y GRAU No. 596,HUACHO,HUAURA,LIMA
20530811183,ALPAMAYO INVERSIONES S.A.C.,PUCALLPA 1,,2492,120695022,14/06/2027,UCAYALI No. 315 - 329,CALLERIA,CORONEL PORTILLO,UCAYALI
20530811183,ALPAMAYO INVERSIONES S.A.C.,SALA SAN JUAN 2,,761,120695023,7/04/2026,Av. SAN JUAN No. 1159 - 2DO PISO,SAN JUAN DE MIRAFLORES,LIMA,LIMA
20530811183,ALPAMAYO INVERSIONES S.A.C.,SAN JUAN 3,,1163,120695024,19/05/2026,LOS HEROES No. 564,SAN JUAN DE MIRAFLORES,LIMA,LIMA
20530811183,ALPAMAYO INVERSIONES S.A.C.,PUCALLPA 2,,3815,120695025,1/09/2027,Jr. UCAYALI No. 744,CALLERIA,CORONEL PORTILLO,UCAYALI
20530811183,ALPAMAYO INVERSIONES S.A.C.,HUANCAYO,,1383,120695026,22/07/2026,Av. GIRALDEZ No. 221 - 221,HUANCAYO,HUANCAYO,JUNÍN
20513838345,WINNER GAME S.A.C.,QUEEN'S,,003834,120697001,9/05/2027,Jr. LEONCIO PRADO No. 875,MAGDALENA DEL MAR,LIMA,LIMA
20530926673,LAS VEGAS DE HUARI S.A.C.,BOCANEGRA,,003169-2023,120709001,12/10/2027,Av. BOCA NEGRA Mz. Ñ Lt. 24,CALLAO,PROV. CONST. DEL CALLAO,CALLAO
20486276763,BEST BUSINESS S.A.C.,KEOP'S,,1387,120714001,14/04/2027,Av. ANDRES AVELINO CACERES No. 434,SANTA ROSA DE SACCO,YAULI,JUNÍN
20486276763,BEST BUSINESS S.A.C.,TESORO DE SIPAN,,644,120714002,10/10/2027,Calle DARIO LEON No. 257,LA OROYA,YAULI,JUNÍN
20510550553,EPIC ENTERTAINMENT PERU S.A.C.,JIRON DE LA UNION,,001142,120726001,26/07/2025,Jr. DE LA UNION No. 846,LIMA,LIMA,LIMA
20510550553,EPIC ENTERTAINMENT PERU S.A.C.,SAN LUIS,,001401,120726003,25/05/2026,Av. SAN LUIS No. 2007,SAN BORJA,LIMA,LIMA
20486353342,JUEGO Y AVENTURA REAL S.A.C.,PALACIO REAL MOCHE,,3596 - 2025,120741001,3/06/2029,Av. VELASCO ASTETE No. 2025,SANTIAGO DE SURCO,LIMA,LIMA
20510522266,J.B.H.R S.A.C.,4 ASES,,002044,120746001,18/07/2026,Av. TORIBIO LUZURIAGA No. 624,HUARAZ,HUARAZ,ÁNCASH
20510522266,J.B.H.R S.A.C.,4 ASES - CAÑETE,,001316,120746002,3/06/2026,Jr. FRANCISCO BOLOGNESI No. 131,SAN VICENTE DE CAÑETE,CAÑETE,LIMA
20498972943,ELECTROTEC GAMING & SERVICE S.A.C.,VILLA SLOT,,3642,120749001,24/08/2027,Av. VILLA MARIA No. 572 - 576,VILLA MARÍA DEL TRIUNFO,LIMA,LIMA
20486353181,INVERSIONES ANDEAN DEL CENTRO S.A.C.,WIN´S,,002024-2023,120756001,20/05/2027,Av. MEXICO No. 630 - 642,LA VICTORIA,LIMA,LIMA
20486353181,INVERSIONES ANDEAN DEL CENTRO S.A.C.,WIN HOUSE,,003236,120756004,24/10/2026,Jr. ALMIRANTE GUISSE No. 1500,LINCE,LIMA,LIMA
20527361291,SALON DE JUEGOS IMPERIAL SUR S.A.C.,SALON DE JUEGOS IMPERIAL SUR - DESAGUADERO,,762,120763001,22/05/2027,Av. PANAMERICANA No. 369,DESAGUADERO,CHUCUITO,PUNO
20452702381,MAMANENA GROUP S.A.C,PLAYTRONICS,,000470 - 2020,120772001,--,Av. MUNICIPALIDAD No. 228,ICA,ICA,ICA
20510359764,JUEGOS BORGOÑO S.A.C.,LA CABAÑA DE ORO,,1016,120780001,--,Otro MZ. C LT. 1 Mz. MZ. C LT. 1,LURIN,LIMA,LIMA
20510359764,JUEGOS BORGOÑO S.A.C.,TROPICAL,,4336 - 2025,120780002,17/06/2029,Otro Mz. D Lt. 3 - 7,LURIN,LIMA,LIMA
20513160373,INVERSIONES TAURINAS NUEVO MUNDO S.A.C.,REAL TRAGAMONEDAS 777,,001722,120784001,13/10/2025,Av. SAN JUAN No. 1055 - 1057,SAN JUAN DE MIRAFLORES,LIMA,LIMA
20513160373,INVERSIONES TAURINAS NUEVO MUNDO S.A.C.,REAL TRAGAMONEDAS 777,,000939,120784002,26/01/2026,Av. SAN JUAN No. 1092 - 1094,SAN JUAN DE MIRAFLORES,LIMA,LIMA
20513160373,INVERSIONES TAURINAS NUEVO MUNDO S.A.C.,BELLA LUNA 777,,003355,120784005,4/11/2025,Av. ANGAMOS No. 858 - 864,SURQUILLO,LIMA,LIMA
20515207776,WORLD GAMES,FIORI 777,,443,120787001,19/07/2027,MIGUEL ANGEL MZ Z Lt. 9,SAN MARTÍN DE PORRES,LIMA,LIMA
20509347051,INVERSIONES MINIMAX S.A.C.,EL PACIFICO,,005699,120791001,30/12/2027,Av. MIGUEL GRAU No. 274 - 276,VIRU,VIRÚ,LA LIBERTAD
20486133733,INVERSIONES GESTIONES Y SERVICIOS J & B S.C.R.L.,PARADISE,,003819,120792003,30/11/2026,Jr. PUNO No. 554,HUANCAYO,HUANCAYO,JUNÍN
20454390114,INVERSIONES TENIENTE BROTHERS S.A.C.,EL DORADO,,2165,120793001,4/10/2026,Av. VIDAURRAZAGA S/N MZ. B Lt. 10 - 10 - 11 - 11 - 9 - 9,JOSÉ LUIS BUSTAMANTE Y RIVERO,AREQUIPA,AREQUIPA
20454109512,INVERSIONES NORTE SUR S.A.C.,GRAN AVELINO,,4647,120796001,24/10/2027,Otro VISTA HERMOZA No. G-04,JOSÉ LUIS BUSTAMANTE Y RIVERO,AREQUIPA,AREQUIPA
20454109512,INVERSIONES NORTE SUR S.A.C.,MONTECARLO,,3103,120796002,18/07/2027,Av. TENIENTE FERRE No. 206,MIRAFLORES,AREQUIPA,AREQUIPA
20513537221,COOL GAMES S.A.C.,GRAN VIA,,602,120797001,10/09/2027,Av. GRAU No. 123 - 127 - 129 y Av. PASEO DE LA REPUBLICA No. 293,LIMA,LIMA,LIMA
20454456581,EL PARAISO DE LA SUERTE S.A.C.,EL PARAISO DE LA SUERTE,,776,120798001,7/04/2026,Av. VIDAURRAZAGA TIENDA 11-A No. S/N,JOSÉ LUIS BUSTAMANTE Y RIVERO,AREQUIPA,AREQUIPA
20513602490,INVERSIONES ZIYI S.A.C.,GIRASOL,,1891,120799001,19/10/2027,Av. SAN JUAN No. 1058,SAN JUAN DE MIRAFLORES,LIMA,LIMA
20510171706,INVERSIONES Y SERVICIOS EL BASHA S.A.C.,SALON DE JUEGOS BLACK JACK,,3197,120806001,21/10/2026,Av. BAUZATE Y MEZA No. 1489,LA VICTORIA,LIMA,LIMA
20512946292,NOVELLUS S.A.C.,GOLDEN BAY,,437,120812004,8/09/2027,Jr. LEONCIO PRADO No. 845,MAGDALENA DEL MAR,LIMA,LIMA
20512231790,COMPAÑIA DE NEGOCIOS & JUEGOS S.A.C.,SALA DE JUEGOS UCAYALI,,002792,120814001,14/02/2027,Jr. UCAYALI No. 844,CALLERIA,CORONEL PORTILLO,UCAYALI
20510632444,INVERSIONES MARGIAN S.A.C.,EKEKO,,004032 - 2019,120819001,--,Jr. PABLO PATRON No. 350,LA VICTORIA,LIMA,LIMA
20447700086,SOLIN DORADO S.A.C.,TRAGAMONEDAS ANTHONY,,001315,120822002,10/04/2027,Av. UNION MZA. U Lt. 2 - 2A,MAJES,CAYLLOMA,AREQUIPA
20397684700,INVERSIONES COSTA NORTE S.C.R.L.,FARAON DE JULIACA,,005166,120825001,30/11/2027,SAN ROMÁN No. 248,JULIACA,SAN ROMÁN,PUNO
20486311852,PERLA DE LOS ANDES S.C.R.L.,PERLA DE LOS ANDES,,000025 - 2019,120832001,--,Jr. HUANCAVELICA No. 337,TARMA,TARMA,JUNÍN
20513433795,INVERSIONES STARGAMES S.A.C.,BINGO TRAGAMONEDAS MAGDALENA,,002639-2023,120836001,14/07/2027,Jr. BOLOGNESI No. 499 y Jr. LEONCIO PRADO No. 690,MAGDALENA DEL MAR,LIMA,LIMA
20513433795,INVERSIONES STARGAMES S.A.C.,BINGO TRAGAMONEDAS RIMAC,,001741-2023,120836002,19/10/2027,Jr. TRUJILLO No. 315,RÍMAC,LIMA,LIMA
20511841811,CINAKELL GAMING INTERNATIONAL S.A.C.,TRAGAMONEDAS CINAKELL,,3181,120838001,26/07/2027,Calle MARISCAL ORBEGOSO No. 280,BREÑA,LIMA,LIMA
20512503544,INVERSIONES MONO BLANCO S.A.C.,MONO BLANCO,,744,120850001,27/09/2026,Av. JUAN LECAROS No. 110 - 120,PUENTE PIEDRA,LIMA,LIMA
20284645414,B Y R S.R.L.,TRAGAMONEDAS CHANCAY,,002620-2023,120856001,22/06/2027,Calle LOPEZ DE ZUÑIGA No. 298,CHANCAY,HUARAL,LIMA
20515508628,CUATRO TREBOLES S.A.C.,CUATRO TREBOLES,,000177,120857001,12/07/2027,Jr. BERNARDINO ROMERO No. 996-B,SAN JUAN DE MIRAFLORES,LIMA,LIMA
20511208255,FOODTUR S.A.C.,KARIBE,,1878,120859001,12/07/2026,Av. JUAN LECAROS No. 179,PUENTE PIEDRA,LIMA,LIMA
20513020792,NEWPORT CAPITAL S.A.C.,MAGIC CITY,,1215,120868002,--,Av. LA MARINA No. 2027 - 2031,SAN MIGUEL,LIMA,LIMA
20513020792,NEWPORT CAPITAL S.A.C.,COPACABANA,,52,120868003,29/10/2025,Av. AV. BRASIL No. 1601 - 1609 y Av. HUSARES DE JUNIN No. 102 - 108 - 136 - 138D,JESÚS MARÍA,LIMA,LIMA
20513020792,NEWPORT CAPITAL S.A.C.,TROPICANA,,773,120868004,20/12/2025,Av. LOS HEROES No. 505 - 507 y Av. LOS HEROES No. 501 y Av. SAN JUAN No. 1204 - 1206,SAN JUAN DE MIRAFLORES,LIMA,LIMA
20513020792,NEWPORT CAPITAL S.A.C.,SILVER MOON,,910,120868005,--,Av. LA MARINA No. 2400,SAN MIGUEL,LIMA,LIMA
20481357901,CASINOS AMERICA S.A.C.,THE CUPID,,002221-2024,120871001,3/05/2028,Jr. JOSE BALTA No. 878,HUAMACHUCO,SÁNCHEZ CARRIÓN,LA LIBERTAD
20513307811,RECREATIVOS POLA S.A.C.,SUPER GAMES,,002262-2023,120874001,27/06/2027,Jr. CESAR VALLEJO No. 368 - 372,SANTA ANITA,LIMA,LIMA
20455554021,IBIZA ENTRETENIMIENTOS S.A.C.,SALON DE JUEGOS EL DORADO,,000995,121312001,21/04/2027,Av. MUNICIPAL MZ. H Lt. 1-A,MAJES,CAYLLOMA,AREQUIPA
20601751896,RECREATIVOS SAN NICOLAS S.A.C.,SALON BLANCO,REST. 5TT,5422,122113001,14/12/2027,Malecón SAN MARTIN No. 178,PUCUSANA,LIMA,LIMA
20605436022,INVERSIONES MEGA GAMING SAC,SAN JUAN III,REST. 5TT,002066-2024,122368005,10/08/2027,Av. EL MURO MZ. G8 Lt. 14,SAN JUAN DE LURIGANCHO,LIMA,LIMA
20611857803,AMARONE S.A.C.,METROPOLIS,,6893 - 2024,122632001,8/11/2029,Av. LOS HEROES No. 550,SAN JUAN DE MIRAFLORES,LIMA,LIMA
20388082144,LOS ALAMOS MACHINES INVESTMENTS S.A.,MAGIA,REST. 5TT,7979 - 2024,130276008,5/03/2029,Av. CABO ALBERTO REYES 101 MZ. Ñ Lt. 16,HUARMEY,HUARMEY,ÁNCASH
20447700329,RECREATIVOS E INVERSIONES STEFANO S.A.C.,EL PARAISO 777,REST. 5TT,4035 - 2024,130722004,16/07/2029,Av. 28 DE JULIO No. 359,HUACHO,HUAURA,LIMA
20515394789,BELL SLOTS S.A.C.,IMPERIAL,HOTEL ***,3645,130747001,22/11/2026,Av. PEDRO RUIZ No. 1038,CHICLAYO,CHICLAYO,LAMBAYEQUE
20510359764,JUEGOS BORGOÑO S.A.C.,CARNAVAL LURIN,REST. 5TT,3369,130780003,21/06/2026,Av. Victor Raul Haya De La Torre Mz. A Lote 4-B Lt. 4-B,LURIN,LIMA,LIMA
20510171706,INVERSIONES Y SERVICIOS EL BASHA S.A.C.,DORA 2,HOTEL ****,2902 - 2025,130806003,28/04/2029,Calle BELEN No. 494-2,CUSCO,CUSCO,CUSCO
20513020792,NEWPORT CAPITAL S.A.C.,OASIS PALACE,REST. 5TT,653 - 2025,130868008,31/01/2029,CARLOS ALBERTO IZAGUIRRE No. 217,INDEPENDENCIA,LIMA,LIMA
20513307811,RECREATIVOS POLA S.A.C.,CERES SLOT,,1767 - 2025,130874002,15/05/2029,Av. NICOLAS AYLLON MZ. D LOTE 11 Mz. D,ATE,LIMA,LIMA
20491975513,ISA PERU GROUP S.A.C.,SALA VENTANILLA,REST. 5TT,5196,131145002,30/11/2028,Av. LA PLAYA MZ. R5 Lt. 21,VENTANILLA,PROV. CONST. DEL CALLAO,CALLAO
20491975513,ISA PERU GROUP S.A.C.,TRAGAMONEDAS ROYAL,REST. 5TT,4769,131145003,3/11/2028,Av. ANTUNEZ DE MAYOLO (BOCANEGRA) MZ. F Lt. 4 Lt. 4,SAN MARTÍN DE PORRES,LIMA,LIMA
20493085663,PLANET GAME S.A.C.,WINGS,REST. 5TT,4169,131150003,1/09/2028,Av. ELMER FAUCETT No. 394 - 396,SAN MIGUEL,LIMA,LIMA
20557198459,ARISTRONIC SLOT S.A.C.,SUPER HALL,REST. 5TT,001231 - 2020,131273004,22/09/2025,Jr. TARAPACA No. 250 - 256 - 258,CALLERIA,CORONEL PORTILLO,UCAYALI
20454767404,COORPORACION LA FORTALEZA S.A.C.,EL DORADO,HOTEL ***,001568,131306001,23/09/2026,Av. LIMA No. 268 y Jr. SAMUEL PASTOR No. 114,CAMANÁ,CAMANÁ,AREQUIPA
20529464178,RUBI GAMING S.A.C.,PALACIO ROYAL PIURA,HOTEL ****,5307,131527017,6/12/2027,Av. LIBERTAD ESQ. JR. AYACUCHO No. 246,PIURA,PIURA,PIURA
20529464178,RUBI GAMING S.A.C.,LA PERLA DEL CHIRA,REST. 5TT,5137,131527024,28/11/2027,Calle SUCRE No. 408,SULLANA,SULLANA,PIURA
20529464178,RUBI GAMING S.A.C.,MEMPHIS,HOTEL ****,4186 - 2024,131527026,22/07/2028,Av. BALTA No. 399,CHICLAYO,CHICLAYO,LAMBAYEQUE
20548462828,ALSHIR GAMING S.A.C.,GOLDEN CITY,HOTEL ***,3193,131655001,25/07/2027,HUANUCO No. 542,HUANUCO,HUÁNUCO,HUÁNUCO
20546344631,SAWILA GAMING S.A.C.,SUITE HOTEL GRAU,HOTEL ***,001365 - 2020,131661005,7/10/2025,Av. GRAU No. 363 y Psje. CERRO AZUL No. 164,ICA,ICA,ICA
20549706500,DREAMS CORPORATION S.A.C.,NEW YORK CITY,REST. 5TT,2080,131668001,3/02/2027,Av. PERSHING No. 610 - 612,MAGDALENA DEL MAR,LIMA,LIMA
20551278671,LUCKY SLOT S.A.C.,VILLA SOL,,4804 - 2024,131682001,20/08/2029,Av. CENTRAL MZ. 69 Lt. 11,LOS OLIVOS,LIMA,LIMA
20267973653,TRANSYTOUR S.R.L.,TRAGAMONEDAS CASSINO 777,REST. 5TT,005048,131741002,22/11/2027,Av. LUIS ORMEÑO No. 515,CASMA,CASMA,ÁNCASH
20600946031,SIR PLAY S.A.C.,SLOT LOS DELFINES,HOTEL *****,002987-2023,132034001,12/07/2027,Calle LOS EUCALIPTOS No. 555,SAN ISIDRO,LIMA,LIMA
20601267200,ENTRETENIMIENTOS DEL SANTA S.A.C.,SLOT SAN FELIPE III,REST. 5TT,3664,132049001,23/11/2026,Jr. MANUEL RUIZ No. 347 - 349,CHIMBOTE,SANTA,ÁNCASH
20601209587,ZAFIRO 5 S.A.C.,MONTECARLO,REST. 5TT,001985,132055001,14/11/2026,Jr. NAPO No. 140 - 150 - 156,IQUITOS,MAYNAS,LORETO
20547942745,REPRESENTACIONES SAN CRISTOBAL S.A.C.,EL ALAMO II,REST. 5TT,3040,132085001,19/05/2027,Jr. JOSÉ GÁLVEZ No. 365,BARRANCA,BARRANCA,LIMA
20602130399,SALA DE JUEGOS REYNA S.A.C.,REYNA,HOTEL ***,003504,132151001,22/09/2027,Jr. PALCA No. 255,CHANCHAMAYO,CHANCHAMAYO,JUNÍN
20602227414,SMART GAMING TECHNOLOGY S.A.C.,34 SLOT,REST. 5TT,000526 - 2020,132152002,--,Av. PERU No. 3411 - 3413,SAN MARTÍN DE PORRES,LIMA,LIMA
20602347312,CORPORACION LSV S.A.C.,ESPAÑA,HOTEL ****,001765-2024,132167001,12/04/2028,Jr. PEDRO GOMEZ No. 741,TOCACHE,TOCACHE,SAN MARTÍN
20603810644,ESMERALDA GAMING S.A.C.,MASARIS TARAPOTO,REST. 5TT,2286 - 2024,132280002,6/05/2028,Jr. JIMENEZ PIMENTEL No. 352 - 360,TARAPOTO,SAN MARTÍN,SAN MARTÍN
20603810644,ESMERALDA GAMING S.A.C.,MACAO PUCALLPA,HOTEL *****,26 - 2025,132280005,6/01/2029,Av. SAN MARTIN 200-B No. 200-B y Jr. HUASCAR No. 481 - 485,CALLERIA,CORONEL PORTILLO,UCAYALI
20604360871,JUPITER ANALYTICS INC S.A.C.,SALON PALMERAS SLOT,REST. 5TT,001735 - 2020,132302001,22/12/2025,Calle RAMÓN MUJICA 132 (ANTES MZ. E LT. 1) No. 132,PIURA,PIURA,PIURA
20602289177,FLAMINGO LOTTERIES S.A.C.,TRAGAMONEDAS EL DORADO,HOTEL ***,002612 - 2020,132313002,22/09/2025,Av. JHON F. KENNEDY No. 565,JOSÉ LEONARDO ORTIZ,CHICLAYO,LAMBAYEQUE
20605617876,INVERSIONES MADIMA SAC,EL RONDERITO,,000783,132376002,2/06/2026,Jr. TARAPACA No. 983 - 985 - 987,CAJAMARCA,CAJAMARCA,CAJAMARCA
20606047526,TRICARD S.A.C.,CARIBBEAN POKER,HOTEL ***,3146,132398001,21/07/2028,IQUITOS PRIMER PISO No. 425,BELLAVISTA,BELLAVISTA,SAN MARTÍN
20606047526,TRICARD S.A.C.,CHOY WA,HOTEL ***,411 - 2025,132398002,21/01/2030,Jr. IQUITOS No. 235 - 261,BELLAVISTA,BELLAVISTA,SAN MARTÍN
20606325658,GROUP IDESING S.A.C.,SIRIUS,REST. 5TT,000616,132400001,13/05/2026,Calle SAN FRANCISCO No. 376,PISCO,PISCO,ICA
20605954911,CORPORACION OLYMPUS S.A.C.,OLYMPUS,REST. 5TT,005485,132402002,16/12/2028,Av. ANDRÉS AVELINO CACERES MZ. G LOTE 4 SECCION 1 Lt. 4,JOSÉ LUIS BUSTAMANTE Y RIVERO,AREQUIPA,AREQUIPA
20605954911,CORPORACION OLYMPUS S.A.C.,EL ROMANO I I,REST. 5TT,001552,132402006,28/03/2029,GRAN CHIMU No. 626,SAN JUAN DE LURIGANCHO,LIMA,LIMA
20606278226,BABILONIA ENTERTAINMENT SAC,TRAGAMONEDAS BABILONIA,REST. 5TT,000360,132408001,30/03/2026,"Av. LAS PALMERAS N° 4941 MZ. A-1, LOTE 8, URB. EL PARQUE DEL NARANJAL II ETAPA No. 4941",LOS OLIVOS,LIMA,LIMA
20601612209,GRUPO AF S.A.C.,ORO VERDE,REST. 5TT,001551-2024,132417001,27/03/2029,Av. FITZCARRALD No. 545,TAMBOPATA,TAMBOPATA,MADRE DE DIOS
20607188174,GARNIER INVERSIONES SAC,GRAN CHIMU,REST. 5TT,002183,132423002,1/12/2026,Av. GRAN CHIMU No. 822 - 824,SAN JUAN DE LURIGANCHO,LIMA,LIMA
20607188174,GARNIER INVERSIONES SAC,POSEIDON,REST. 5TT,001131,132423003,5/05/2027,Av. JOSE CARLOS MARIATEGUI No. 2581 - 2583,EL AGUSTINO,LIMA,LIMA
20607188174,GARNIER INVERSIONES SAC,NILVER,,001733,132423004,23/06/2027,Av. JOSE DE LA RIVA AGÜERO No. 664,EL AGUSTINO,LIMA,LIMA
20607971260,INVERSIONES GROUP GAMING S.A.C.,CAMBOYA,REST. 5TT,002266,132424003,3/08/2027,"Av. TUPAC AMARU 6045, MZ. Q LT. 28 No. 6045",COMAS,LIMA,LIMA
20607635260,REPRESENTACIONES PLAYA HERMOSA S.A.C.,WINDSOR,REST. 5TT,002350,132426001,16/12/2026,"Av. LOS INCAS S/N, Mz. X LOTE N°07 Lt. 07",MARCONA,NAZCA,ICA
20606806877,BROOKLINE GAMING S.A.C.,TRAGAMONEDAS LA RICA VICKY,REST. 5TT,001500,132438003,3/06/2027,Av. ANTONIO RAYMONDI No. 235,LA VICTORIA,LIMA,LIMA
20608864335,BELMAR GAMING S.A.C.,FLORIDA GAMES,REST. 5TT,1189,132466001,28/03/2028,Calle SARGENTO LORES No. 134,IQUITOS,MAYNAS,LORETO
20608690868,INTERGAMING PERU S.A.C.,MIDAS,,004154,132485001,29/12/2027,Av. JULIO C. TELLO No. 187 y Av. REVOLUCION No. 1403,COMAS,LIMA,LIMA
20609560721,INTERESTELAR ASOCIADOS SEAS S.A.C.,ROYAL GARDEN,REST. 5TT,002642,132514001,26/06/2028,Calle SAN VICENTE No. 126,SAN VICENTE DE CAÑETE,CAÑETE,LIMA
20607074713,GRUPO OBELISCO S.A.C.,EL FARAON,REST. 5TT,003354-2024,132551001,24/06/2029,Jr. NICOLAS DE PIEROLA ESTE MZ 1L LOTE 5A Y 5 No. 112,CARABAYLLO,LIMA,LIMA
20535848611,GRUPO TESORO S.A.C.,EL TESORO,REST. 5TT,004024-2024,132556001,17/07/2029,Calle LOPEZ DE ZUÑIGA No. 350,CHANCAY,HUARAL,LIMA
20601383064,SUNSTAR GROUP S.A.C.,WAN WHA,REST. 5TT,320 - 2024,132564001,30/01/2029,Av. OSCAR R. BENAVIDES No. 4432 y Calle LUIS HURTADO No. 111,BELLAVISTA,PROV. CONST. DEL CALLAO,CALLAO
20611887621,MAGIC CENTER PERU GAMING SOCIEDAD ANONIMA CERRADA,XIRIBAYA,REST. 5TT,6058 - 2024,132629001,11/10/2029,Otro Mz. L 3,ILO,ILO,MOQUEGUA
20611887621,MAGIC CENTER PERU GAMING SOCIEDAD ANONIMA CERRADA,CASINO POQOMA,REST. 5TT,409 - 2025,132629003,22/01/2030,Jr. ZEPITA No. 426,ILO,ILO,MOQUEGUA
20611857803,AMARONE S.A.C.,RICH GAME,REST. 5TT,2602 - 2025,132632002,15/04/2030,Av. TOMAS VALLE No. 3435,CALLAO,PROV. CONST. DEL CALLAO,CALLAO
20611857803,AMARONE S.A.C.,EL GENIO AZUL,REST. 5TT,3300 - 2025,132632004,13/05/2030,Av. LIMA SUR No. 225-A,LURIGANCHO,LIMA,LIMA
20611137355,CORPORACION EMPRESARIAL HOLDING S.A.C.,MOULIN ROUGE,REST. 5TT,635 - 2025,132633008,31/01/2030,Av. JAVIER PRADO ESTE No. 5235,LA MOLINA,LIMA,LIMA
20611137355,CORPORACION EMPRESARIAL HOLDING S.A.C.,MOULIN ROUGE,REST. 5TT,638 - 2025,132633011,31/01/2030,Av. VICTOR RAUL HAYA DE LA TORRE 2DO PISO No. 464,CHIMBOTE,SANTA,ÁNCASH
20611137355,CORPORACION EMPRESARIAL HOLDING S.A.C.,MAMBOS,REST. 5TT,647 - 2025,132633019,31/01/2030,Av. PROLONGACION BENAVIDES No. 5205,SANTIAGO DE SURCO,LIMA,LIMA
20611413271,PUCALLPA JUNGLA CLUB CASINO S.A.C.,TROPICANA,HOTEL ***,3355 - 2025,132635001,15/05/2030,Jr. LIBERTAD No. 781,CALLERIA,CORONEL PORTILLO,UCAYALI
20612858790,PREMIUM CAPITALS S.A.C.,SALON DE JUEGOS LUXOR,HOTEL ***,4295 - 2025,132637001,17/06/2030,PRÓSPERO No. 644,IQUITOS,MAYNAS,LORETO
20305556786,GAMING AND SERVICES S.A.C.,SOL Y LUNA,,1324,140032015,27/08/2025,Jr. DEUSTUA No. 323,PUNO,PUNO,PUNO
20305556786,GAMING AND SERVICES S.A.C.,SALA CRAZY LIBERTY,,003407 - 2017,140032025,4/11/2026,Av. AVIACION No. 3424 - 3430,SAN BORJA,LIMA,LIMA
20301947641,YONS BROTHER SRLTDA.,LUCKY CHERRY,,004375 - 2019,140102001,11/03/2028,Jr. UCAYALI No. 741 - 747,LIMA,LIMA,LIMA
20559882420,RIMELD S.A.C.,SALA DE JUEGOS ESPAÑA,,2145 - 2024,140123001,29/04/2028,Av. ESPAÑA No. 2245,TRUJILLO,TRUJILLO,LA LIBERTAD
20559882420,RIMELD S.A.C.,TGM 777,,1259 - 2024,140123002,13/03/2028,Av. CESAR VALLEJO No. 219,TRUJILLO,TRUJILLO,LA LIBERTAD
20333610842,JUEGOS Y ENTRETENIMIENTOS S.A.,CIRCUS CIRCUS,,782,140125002,8/04/2026,Av. NICOLAS AYLLON (EX CARRETERA CENTRAL) 1° PISO No. 5101 - 5103,ATE,LIMA,LIMA
20377965818,INVERSIONES HONG KONG S.A.C.,OCEAN,,001087,140167002,29/04/2026,Av. MANCO CAPAC No. 107 - 107 - 109 - 109,LA VICTORIA,LIMA,LIMA
20473452198,ASPEN INTERNATIONAL S.A.C.,HARUMI VI,,1628,140383006,29/06/2026,Av. GERARDO UNGER No. 1685-A,SAN MARTÍN DE PORRES,LIMA,LIMA
20508585293,INVERSIONES RECREATIVOS GUERRERO S.A.C.,LOS FARAONES,,000674,140526005,23/03/2026,Av. FITZCARRALD No. 651,TAMBOPATA,TAMBOPATA,MADRE DE DIOS
20509252000,MILLENNIUM GAME S.A.C.,SALA DE JUEGOS WINGS,,836 - 2025,140547004,8/04/2029,Av. LAS VIOLETAS No. 796,INDEPENDENCIA,LIMA,LIMA
20463145734,MESAC SLOT S.A.C.,CONTTENTO RISSO,,000310-2024,140588009,31/01/2029,Calle RISSO No. 123 - 127,LINCE,LIMA,LIMA
20463145734,MESAC SLOT S.A.C.,CONTTENTO,,004993-2023,140588010,17/11/2028,Av. 28 DE JULIO No. 817,HUANUCO,HUÁNUCO,HUÁNUCO
20513831847,INVERSIONES Y RECREACIONES REYMAR S.A.C.,BELAUNDE,,1643,140590002,2/05/2028,Av. VICTOR ANDRES BELAUNDE OESTE No. 151 - 153,COMAS,LIMA,LIMA
20506755051,LIGHTNING GAMING S.A.C.,EL DORADO VILLA,,61 - 2025,140595002,7/01/2030,"Otro SECTOR 02 GRUPO 13, LT. 20 Mz. F - F",VILLA EL SALVADOR,LIMA,LIMA
20506755051,LIGHTNING GAMING S.A.C.,HAPPY DAYS,,5123 - 2024,140595003,3/09/2029,Av. NICOLAS DE PIEROLA No. 489 - 489,BARRANCO,LIMA,LIMA
20531521987,NEGOCIACIONES E INVERSIONES DORAL S.A.C.,VILLA FORTUNA,,3950 - 2025,140615008,5/06/2029,Av. VENEZUELA No. 1062 - 1064,BREÑA,LIMA,LIMA
20565457358,KINCORP INVESTMENTS S.A.C.,GRAND GOLD - PARURO,,6139 - 2024,140662001,15/10/2028,Jr. PARURO No. 766 - 768,LIMA,LIMA,LIMA
20486353342,JUEGO Y AVENTURA REAL S.A.C.,Palace,,116,140741002,17/01/2028,Av. AVIACION No. 4543 - 4545,SANTIAGO DE SURCO,LIMA,LIMA
20514397598,INVERSIONES JOSWEND S.A.C.,MR. CASH,,1496 - 2024,140765001,27/03/2028,Jr. PROVEEDORES UNIDOS No. 173,BREÑA,LIMA,LIMA
20495742238,INVERSIONES EL SOL S.A.C.,TRAGAMONEDAS ATLANTIS,,000066-2024,140774004,11/01/2029,Plaza PLAZA DE ARMAS No. 192,GUADALUPE,PACASMAYO,LA LIBERTAD
20495742238,INVERSIONES EL SOL S.A.C.,TRAGAMONEDAS ATLANTIS,,004520,140774005,18/10/2028,Calle SAN PEDRO No. 130,CHEPEN,CHEPÉN,LA LIBERTAD
20481166391,EL HALCON INVESTMENT S.A.C.,FLAMENCO DE ORO I,,002155-2024,140808002,29/04/2029,Av. FELIPE ARANCIBIA No. 719 - 721 - 725,RÍMAC,LIMA,LIMA
20513433795,INVERSIONES STARGAMES S.A.C.,QATAR,,005714,140836004,30/12/2028,Av. SAN JUAN No. 1018,SAN JUAN DE MIRAFLORES,LIMA,LIMA
20493485840,INVERSIONES ZULLYMAT S.A.C.,BELEN,,1295,140865002,11/09/2027,Av. RAMIREZ HURTADO No. 1161,BELÉN,MAYNAS,LORETO
20495887805,CORPORACION PAKATNAMU S.A.C.,CASINO KUNTUR WASI,,000900,140866002,19/04/2026,Jr. DEL COMERCIO No. 648,CAJAMARCA,CAJAMARCA,CAJAMARCA
20513636041,INVERSIONES MILLION´S S.A.C.,COSTA ESMERALDA,,1135,140867002,31/07/2025,Av. VENEZUELA No. 874 - 876 - 882 - 884 - 886,BREÑA,LIMA,LIMA
20513307811,RECREATIVOS POLA S.A.C.,EL REY 777,,002498-2023,140874003,6/09/2027,Av. 1 DE MAYO No. 3129,EL AGUSTINO,LIMA,LIMA
20515375300,INVERSIONES BENCRIS S.A.C.,RICHMAN GAMES 777,,001234,140931002,8/11/2026,Av. 1 DE MAYO No. 736,CARMEN DE LA LEGUA REYNOSO,PROV. CONST. DEL CALLAO,CALLAO
20515452908,INVERSIONES UNION LOO S.A.C.,MYSTIC RIVER,,4991 - 2024,140945002,29/08/2028,Jr. PEDRO CANGA No. 407,MOYOBAMBA,MOYOBAMBA,SAN MARTÍN
20481204152,JENNA INVESTMENT S.A.C.,IMPERIAL ROYAL III,,000409,141001001,2/02/2029,Jr. PROGRESO No. 290,CHANCHAMAYO,CHANCHAMAYO,JUNÍN
20481204152,JENNA INVESTMENT S.A.C.,IMPERIAL ROYAL I,,000179,141001002,17/01/2029,Jr. TARMA No. 456,CHANCHAMAYO,CHANCHAMAYO,JUNÍN
20557290932,VIVA VENTURES S.A.,MAMBO,,5306,141090001,6/12/2027,Av. GRAN CHIMU No. 658,SAN JUAN DE LURIGANCHO,LIMA,LIMA
20518991648,TERRALEVI S.A.C.,STOP,,002072,141133001,25/10/2026,Plaza BOLOGNESI No. 548 - 552,BREÑA,LIMA,LIMA
20519358451,GAME GROUP S.A.C.,WINGS,,003778-2024,141135001,9/07/2028,Calle DERECHA No. 572,HUARAL,HUARAL,LIMA
20491975513,ISA PERU GROUP S.A.C.,QUEEN''S TRAGAMONEDAS,,846 - 2025,141145004,11/02/2030,Av. LOS PROCERES No. 7876 - 7878,LOS OLIVOS,LIMA,LIMA
20493085663,PLANET GAME S.A.C.,WINGS,,001297,141150001,18/05/2027,Av. TUPAC AMARU No. 5018,COMAS,LIMA,LIMA
20493085663,PLANET GAME S.A.C.,REYNA,,003266,141150002,25/10/2027,Av. PERU No. 1649,SAN MARTÍN DE PORRES,LIMA,LIMA
20493085663,PLANET GAME S.A.C.,WINGS,,004414,141150004,6/10/2028,Av. ELMER FAUCETT No. 461,SAN MIGUEL,LIMA,LIMA
20492144305,VISION GAMES CORPORATION S.A.C.,PRO,,4021,141151001,13/09/2027,Av. LFREDO MENDIOLA No. 7895 y Av. PROCERES No. 7894,LOS OLIVOS,LIMA,LIMA
20492144305,VISION GAMES CORPORATION S.A.C.,MEGA GAMING,,005047,141151002,23/11/2027,Av. ALFREDO MENDIOLA No. 3503 - 3505 - 3507 y Jr. SALAZAR No. 130,LOS OLIVOS,LIMA,LIMA
20492540081,R & G GAMING S.A.C.,LAS VEGAS,,5423,141169001,14/12/2027,Jr. LIMA No. 583,TARMA,TARMA,JUNÍN
20492540081,R & G GAMING S.A.C.,LAS VEGAS,,159 - 2024,141169002,16/01/2028,Jr. SAN CRISTOBAL No. 304 - 305,CHAUPIMARCA,PASCO,PASCO
20492540081,R & G GAMING S.A.C.,TEXAS,,965,141169005,21/04/2026,Av. MICAELA BASTIDAS No. 382,PICHANAQUI,CHANCHAMAYO,JUNÍN
20521547589,RECREATIVOS VENECIA,LOTTO,,920,141217001,17/03/2026,"Otro ASOCIACIÓN EL PORVENIR, LT. 3 Mz. D-3",ATE,LIMA,LIMA
20521547589,RECREATIVOS VENECIA,JACKPOT CITY,,2807,141217002,3/02/2027,Av. LOS RUISEÑORES No. 294,SANTA ANITA,LIMA,LIMA
20522263762,EVO MANAGEMENT S.A.C.,MITOS,,002025-2023,141235001,20/05/2027,Av. LARCO No. 261,TRUJILLO,TRUJILLO,LA LIBERTAD
20392708546,J Y M SLOTS S.A.C.,SALA LA FONTANA,,743,141412001,8/04/2026,Jr. MOQUEGUA No. 430,TARMA,TARMA,JUNÍN
20392722701,CAPA GAMES S.A.C.,JUMBO III,,1041,141413001,27/09/2025,Jr. HUANUCO No. 572 - 574,HUANUCO,HUÁNUCO,HUÁNUCO
20543578429,SLOT MACHINES R & P,LAS VEGAS,,2707,141430002,28/06/2028,Av. LAS PALMERAS No. 244 y Av. NICOLAS AYLLON No. 689,CHACLACAYO,LIMA,LIMA
20537493489,INVERSIONES WINDSOR S.A.C.,32 STREET,,001579,141450001,9/06/2026,Av. PERU No. 3238,SAN MARTÍN DE PORRES,LIMA,LIMA
20556974188,FLORIDA GAMING S.A.C.,ABANCAY I,,003366 - 2019,141452006,--,Av. ABANCAY No. 568-570,LIMA,LIMA,LIMA
20556974188,FLORIDA GAMING S.A.C.,RIMAC I,,000663,141452017,22/03/2026,Jr. TRUJILLO No. 300,RÍMAC,LIMA,LIMA
20544804074,INVERSIONES Y RECREACIONES LINERD S.A.C.,IMPODIST,,1801,141474001,7/07/2026,"Av. 15 DE JULIO LT. 07, HUAYCAN Mz. B",ATE,LIMA,LIMA
20529464178,RUBI GAMING S.A.C.,LAS VEGAS,,1993,141527001,26/05/2026,Calle LIMA No. 731,LA UNIÓN,PIURA,PIURA
20529464178,RUBI GAMING S.A.C.,MASARIS INCA,,002372 - 2017,141527004,9/08/2026,Av. LUIS GONZALES No. 628 - 628,CHICLAYO,CHICLAYO,LAMBAYEQUE
20529464178,RUBI GAMING S.A.C.,MASARIS SULLANA,,2014,141527005,5/08/2026,Av. SAN MARTIN No. 801 - 801,SULLANA,SULLANA,PIURA
20529464178,RUBI GAMING S.A.C.,MASARIS CHEPEN,,4076,141527006,23/12/2026,Jr. SAN PEDRO No. 238 - 238,CHEPEN,CHEPÉN,LA LIBERTAD
20529464178,RUBI GAMING S.A.C.,MASARIS TALARA,,3244,141527008,25/10/2026,"Av. GRAU, LOTE 91B Mz. A - A",PARIÑAS,TALARA,PIURA
20529464178,RUBI GAMING S.A.C.,MASARIS CHICLAYO,,002187 - 2017,141527010,20/07/2026,Av. JOSE BALTA No. 629 - 629,CHICLAYO,CHICLAYO,LAMBAYEQUE
20529464178,RUBI GAMING S.A.C.,EL ROYAL,,1469,141527011,22/08/2026,Jr. ICA No. 345 - 345,PIURA,PIURA,PIURA
20529464178,RUBI GAMING S.A.C.,MASARIS PIURA,,1279,141527012,19/07/2026,Av. LORETO No. 643 - 643,PIURA,PIURA,PIURA
20529464178,RUBI GAMING S.A.C.,MASARIS CAJAMARCA,,2886,141527014,22/09/2026,Jr. DEL COMERCIO No. 755 - 755,CAJAMARCA,CAJAMARCA,CAJAMARCA
20547686994,KAZOKU INVESTMENTS S.A.C,HUAYLAS,,003455,141578001,15/08/2027,Av. HUAYLAS No. 442 - 444 - 446,CHORRILLOS,LIMA,LIMA
20547941421,INVERSIONES GAMING ALELI S.A.C.,REAL PALACE,,229,141588001,22/12/2026,Calle PLAZA DE ARMAS No. 314,CHINCHA ALTA,CHINCHA,ICA
20547941421,INVERSIONES GAMING ALELI S.A.C.,DOLPHIN,,3814,141588003,1/12/2026,DANTE No. 869,SURQUILLO,LIMA,LIMA
20547941421,INVERSIONES GAMING ALELI S.A.C.,COLIBRÍ,,522,141588004,10/03/2026,Jr. LIMA No. 552,NASCA,NAZCA,ICA
20548009911,CASINO MOLLENDO S.A.C.,EL GALEON DE ORO,,971,141643001,24/04/2027,Calle AREQUIPA No. 209-A,MOLLENDO,ISLAY,AREQUIPA
20550264839,ELITE GAMING PERU S.A.C.,DELICHEFF,,004281,141647004,2/10/2027,Av. MARISCAL ANDRES A. CACERES MZ. C-8 Lt. 11,VENTANILLA,PROV. CONST. DEL CALLAO,CALLAO
20548462828,ALSHIR GAMING S.A.C.,LAS VEGAS,,002060,141655002,17/11/2025,Jr. CALLAO No. 984 - 990,MOYOBAMBA,MOYOBAMBA,SAN MARTÍN
20548462828,ALSHIR GAMING S.A.C.,MARC ANTHONY,,3437 - 2025,141655003,6/06/2029,Jr. PEDRO DE CANGA No. 440,MOYOBAMBA,MOYOBAMBA,SAN MARTÍN
20548462828,ALSHIR GAMING S.A.C.,PARAHONS,,001027,141655004,--,Jr. MOQUEGUA No. 460,TARMA,TARMA,JUNÍN
20548462828,ALSHIR GAMING S.A.C.,AMAZONAS,,002059,141655005,17/11/2025,Jr. AMAZONAS No. 560,CAJAMARCA,CAJAMARCA,CAJAMARCA
20546344631,SAWILA GAMING S.A.C.,GAMBINOS CHINCHA,,2589,141661002,26/08/2026,Av. MARISCAL BENAVIDES No. 327,CHINCHA ALTA,CHINCHA,ICA
20546344631,SAWILA GAMING S.A.C.,AMBAR PLACE,,4834,141661003,6/11/2027,Av. PACIFICO S/N MZ. A1 Lt. 6,NUEVO CHIMBOTE,SANTA,ÁNCASH
20546344631,SAWILA GAMING S.A.C.,ATLANTIC,,5068 - 2024,141661004,29/08/2028,Jr. MANUEL RUIZ No. 275,CHIMBOTE,SANTA,ÁNCASH
20550929318,QULLQI S.A.C.,GAMBINOS PAITA,,000612,141671003,25/04/2027,Jr. JUNIN No. 345,PAITA,PAITA,PIURA
20550929318,QULLQI S.A.C.,MASARIS PAITA,,4083,141671007,18/09/2027,Jr. JUNIN No. 370 - 380,PAITA,PAITA,PIURA
20550929318,QULLQI S.A.C.,LA TORRE DE BABEL,,5638 - 2024,141671008,24/09/2028,Calle LIMA No. 588 - 590 - 592,NASCA,NAZCA,ICA
20550929318,QULLQI S.A.C.,CARRUSEL,,000199,141671009,17/02/2026,Av. ALFONSO UGARTE No. 1220 - 1222 - 1224 - 1226,BREÑA,LIMA,LIMA
20551688225,CORPORACION BACARA SLOTS S.A.C.,ATLANTIS I,,002423-2024,141748003,10/05/2028,Av. JOSÉ DE LA RIBA AGÜERO No. 1434,EL AGUSTINO,LIMA,LIMA
20555356804,GALU GAMING PERU S.A.C.,TESORO INCA SLOT,,832 - 2025,141763001,10/02/2029,Av. ALCAZAR No. 848,RÍMAC,LIMA,LIMA
20563012839,OKANEKIN S.A.C.,MYTHIC-LOS OLIVOS,,005607,141813001,22/12/2027,Av. SANTIAGO ANTUNEZ DE MAYOLO No. 1099,LOS OLIVOS,LIMA,LIMA
20563013487,GAMING OKANE S.A.C.,MYTHIC ALFONSO UGARTE,,004516,141814001,17/10/2027,Av. ALFONSO UGARTE No. 1320 - 1322 - 1326,BREÑA,LIMA,LIMA
20556034991,NEGOCIACIONES JAMBOREE S.A.C.,GRAN ALADINOS,,2867,141818002,21/09/2026,Jr. DOS DE MAYO No. 1080 - 1080 - 1090 - 1090,HUANUCO,HUÁNUCO,HUÁNUCO
20556034991,NEGOCIACIONES JAMBOREE S.A.C.,TORRE DE BABEL,,404,141818003,4/11/2026,Jr. DOS DE MAYO No. 1095 - 1099,HUANUCO,HUÁNUCO,HUÁNUCO
20392960121,LIU JUBIN S.A.C.,FLAMENCO DE ORO III,,512,141821001,19/05/2026,Av. ANGAMOS ESTE No. 1293 - 1293,SURQUILLO,LIMA,LIMA
20565361598,ENTRETENIMIENTOS GISHI S.A.C.,WINNERS SAN JUAN,,1937 - 2025,141841001,20/03/2029,Av. PROCERES DE LA INDEPENDENCIA No. 1712 - 1714,SAN JUAN DE LURIGANCHO,LIMA,LIMA
20565456971,KINCORP GAMING S.A.C.,ARCADIA,,0001706,141844001,9/04/2028,Av. LA MOLINA No. 1105,LA MOLINA,LIMA,LIMA
20563720591,GOLDEN CITY S.A.C.,GOLDEN CITY,,001402,141852001,25/05/2026,Jr. JOSE OLAYA No. 738 - 740,VILLA MARÍA DEL TRIUNFO,LIMA,LIMA
20563720591,GOLDEN CITY S.A.C.,EKEKO,,005608,141852003,23/12/2028,Jr. DAMASO BERAUN No. 805,HUANUCO,HUÁNUCO,HUÁNUCO
20600015614,IMPERIAL SLOTS GAMING S.A.C.,LA FICHA DORADA,,000905,141869001,10/03/2027,Av. PERU No. 3049,SAN MARTÍN DE PORRES,LIMA,LIMA
20549245693,MENFIXA S.A.C.,MEMPHIS - PRO,,96,141890001,21/01/2026,Av. LOS PROCERES MZ. II-4 LT. 14 No. 7854,LOS OLIVOS,LIMA,LIMA
20600568796,TOKANET S.A.C.,MYTHIC TARAPOTO,,001372,141953001,19/12/2025,Jr. JIMENEZ PIMENTEL No. 137 - 139,TARAPOTO,SAN MARTÍN,SAN MARTÍN
20600637755,INVERSIONES KAMIYA S.A.C.,COLMENA,,002271,141956001,2/06/2027,Av. NICOLAS DE PIEROLA No. 840 - 844,LIMA,LIMA,LIMA
20600665163,OKANEFIORI S.A.C.,MYTHIC FIORI,,001034,141959001,--,Av. ALFREDO MENDIOLA S/N CENTRO COMERCIAL FIORI TDA. STAND No. 110A - 111A,SAN MARTÍN DE PORRES,LIMA,LIMA
20600143442,DGALU GAMING INTERNATIONAL S.A.C.,PAGAMONEDAS BONGOS,,001366 - 2016,141967001,11/05/2026,Jr. UCAYALI No. 379,CALLERIA,CORONEL PORTILLO,UCAYALI
20600735315,LIONS WYNN S.A.C.,GAMBINOS CAÑETE,,000966 - 2016,141979001,--,Av. RAYMUNDO RAMOS No. 460,IMPERIAL,CAÑETE,LIMA
20566485851,GANA ENTRETENIMIENTOS S.A.C.,GANA HUANUCO,,243,142008002,7/12/2026,Jr. 28 DE JULIO No. 1005 y Jr. DAMASCO BERAÚN No. 795,HUANUCO,HUÁNUCO,HUÁNUCO
20601105421,FUN PRO S.A.C.,HAVANNA,,001420,142011001,27/05/2026,Otro CENTRO COMERCIAL CAYMA LOCAL No. 23,CAYMA,AREQUIPA,AREQUIPA
20601108799,DIVERSIA ENTERTAINMENT S.A.C.,PALACIO ROYAL CHICLAYO,,001080,142013001,23/03/2027,Calle ELIAS AGUIRRE No. 598 - 598,CHICLAYO,CHICLAYO,LAMBAYEQUE
20601053277,BLADCAST S.A.C.,POKER MOON,,001575,142018001,9/06/2026,Av. SAN JUAN No. 607,SAN JUAN DE MIRAFLORES,LIMA,LIMA
20601296820,DOMOKANE S.A.C.,MYTHIC DOMINICOS,,001935,142037001,6/10/2026,Av. DOMINICOS y BOCANEGRA MZ. A Lt. 1,CALLAO,PROV. CONST. DEL CALLAO,CALLAO
20601087708,PADDINGTON S.A.C.,TREBOL SLOT,,002185,142038002,13/06/2027,Jr. HUMBOLT No. 1572,LA VICTORIA,LIMA,LIMA
20601267200,ENTRETENIMIENTOS DEL SANTA S.A.C.,SLOTS SAN FELIPE II,,3967,142049002,16/12/2026,Av. PACIFICO MZ. A Lt. 3,NUEVO CHIMBOTE,SANTA,ÁNCASH
20601267200,ENTRETENIMIENTOS DEL SANTA S.A.C.,SLOTS SAN FELIPE I,,1524,142049003,9/11/2026,Av. VICTOR RAÚL HAYA DE LA TORRE No. 522 - 528 - 540,CHIMBOTE,SANTA,ÁNCASH
20601316201,EL DORADO CASINOS S.A.C.,EL DORADO,,1540,142054001,9/06/2026,Calle NAPO No. 365,IQUITOS,MAYNAS,LORETO
20601209587,ZAFIRO 5 S.A.C.,MACAO,,002298,142055002,26/11/2026,Jr. SARGENTO LORES No. 149,IQUITOS,MAYNAS,LORETO
20601331463,MARDIGRAS S.A.C.,MARDIGRAS,,706,142056002,27/02/2027,Av. LARCO No. 734,MIRAFLORES,LIMA,LIMA
20601326249,RCG GROUP S.A.C.,CARRUSEL,,2231,142057001,17/11/2026,Calle PROSPERO No. 294,IQUITOS,MAYNAS,LORETO
20547942745,REPRESENTACIONES SAN CRISTOBAL S.A.C.,LAS VEGAS,,3006,142085002,14/07/2027,Jr. PROSPERO No. 288 - 292,IQUITOS,MAYNAS,LORETO
20601185971,FARETZY GAMING S.A.C.,LA TORRE DE BABEL,,2499,142098001,31/05/2027,Av. ANTONIO RAIMONDI No. 449 - 459 - 461 - 467,RUPA-RUPA,LEONCIO PRADO,HUÁNUCO
20601185971,FARETZY GAMING S.A.C.,TORRE DE BABEL,,2983,142098002,4/10/2026,Av. TITO JAIME FERNANDEZ No. 153 - 157 - 161,RUPA-RUPA,LEONCIO PRADO,HUÁNUCO
20601663539,INVERSIONES MODEH ANI S.A.C.,PARADISSE,,002650-2023,142102001,27/07/2027,Av. TÚPAC AMARU No. 5040 - 5042,COMAS,LIMA,LIMA
20563236192,COLMENA GAMING S.A.C.,MAGIC CENTER,,3506,142150001,17/08/2027,Calle AREQUIPA MZ. J4 Lt. 3,MOLLENDO,ISLAY,AREQUIPA
20563236192,COLMENA GAMING S.A.C.,MAGIC CENTER,,4354,142150002,4/10/2027,Av. BALTA No. 330,MOQUEGUA,MARISCAL NIETO,MOQUEGUA
20602149138,INVERSIONES ADRIAC S.A.C.,MAGIC PALACE,,000514,142157002,4/10/2027,Av. SAENZ PEÑA No. 815,CALLAO,PROV. CONST. DEL CALLAO,CALLAO
20602149138,INVERSIONES ADRIAC S.A.C.,REAL CHAVIN,,001717-2023,142157003,26/09/2027,Av. HEROES DEL CENEPA MZ.13 Lt. 1,SAN JUAN DE LURIGANCHO,LIMA,LIMA
20602149138,INVERSIONES ADRIAC S.A.C.,EL ARABE,,000139,142157005,9/10/2027,Av. TUPAC AMARU MZ. O Lt. 12 y Av. TUPAC AMARU No. 3181 - 3183,CARABAYLLO,LIMA,LIMA
20602149138,INVERSIONES ADRIAC S.A.C.,MONEY CITY,,003862-2023,142157006,6/09/2027,Av. MEXICO No. 1500,LA VICTORIA,LIMA,LIMA
20602149138,INVERSIONES ADRIAC S.A.C.,NEL BLU,,003672-2023,142157007,29/08/2027,Av. TUPAC AMARU No. 5997,COMAS,LIMA,LIMA
20602149138,INVERSIONES ADRIAC S.A.C.,REAL SIPAN,,001762-2023,142157008,5/05/2027,Av. GRAN CHIMÚ No. 362,SAN JUAN DE LURIGANCHO,LIMA,LIMA
20602129293,MILOS GAMING S.A.C.,MILOS,,001153,142158001,22/09/2027,Jr. BOLIVAR No. 237,OXAPAMPA,OXAPAMPA,PASCO
20601179271,OPEN GAMING S.A.C.,BLACK JACK,,000037-2024,142176001,5/01/2028,Av. JUAN LECAROS No. 275 - 279,PUENTE PIEDRA,LIMA,LIMA
20548505900,JEHADHA S.A.C.,GAME PALACE,,002712-2023,142182001,29/06/2027,Jr. HUALLAGA No. 641,LIMA,LIMA,LIMA
20603434880,REVOLUTION GAMING S.A.C.,FLAMENCO DE ORO,,002641,142255005,26/06/2028,LOS FLAMENCOS No. 142,SANTA ANITA,LIMA,LIMA
20603810644,ESMERALDA GAMING S.A.C.,LAS VEGAS BAGUA CHICA,,6911 - 2024,142280001,18/11/2028,Av. HEROES DEL CENEPA No. 1106,LA PECA,BAGUA,AMAZONAS
20603810644,ESMERALDA GAMING S.A.C.,LAS VEGAS,,3207 - 2024,142280003,17/06/2028,Av. CHACHAPOYAS No. 2398,BAGUA GRANDE,UTCUBAMBA,AMAZONAS
20603810644,ESMERALDA GAMING S.A.C.,LAS VEGAS,,3311 - 2024,142280006,21/06/2028,Calle DIEGO PALOMINO No. 1411,JAÉN,JAÉN,CAJAMARCA
20603709951,AMC GAMING S.A.C.,SALON DE JUEGOS EBONY,,2094 - 2024,142289001,29/04/2028,Calle JOSE OLAYA No. 201,ATE,LIMA,LIMA
20604402558,LOCKSAN S.A.C.,BLACK ACE,,001210 - 2020,142328001,24/08/2025,Av. TUPAC AMARU No. 3881 - 3885,COMAS,LIMA,LIMA
20606741546,INVERSIONES WINDEN S.A.C.,EL GALEON DORADO,,005541-2024,142331004,21/09/2029,Calle YANAHUARA MZ. S Lt. 4,MAJES,CAYLLOMA,AREQUIPA
20606741546,INVERSIONES WINDEN S.A.C.,EL GALEON DE ORO,,003130-2024,142331005,14/06/2029,Jr. 2 DE MAYO No. 316 y Jr. ZEPITA No. 222,ILO,ILO,MOQUEGUA
20605250077,EBENEZER HERRERA HERNANDEZ Y FAMILIA S.A.C.,PHARAON PALACE,,2342 - 2025,142350001,4/04/2029,Jr. TRUJILLO No. 318,RÍMAC,LIMA,LIMA
20604968705,YOU GAMES SAC,EMPIRE,,001065 - 2020,142362001,--,Jr. ANCASH No. 151 - 155,CHANCHAMAYO,CHANCHAMAYO,JUNÍN
20605436022,INVERSIONES MEGA GAMING SAC,SAN JUAN II,,002066-2024,142368004,6/08/2025,Av. SAN MARTIN MZ. K-1 Lt. 27 - 28,SAN JUAN DE LURIGANCHO,LIMA,LIMA
20605617876,INVERSIONES MADIMA SAC,PRIMAVERA,,000717,142376001,25/03/2027,Jr. SAN MARTIN No. 839 - 841,HUANUCO,HUÁNUCO,HUÁNUCO
20605503749,GAME ROOM BJ S.A.C.,TROPICANA AGUAYTIA,,000393,142392001,2/02/2028,Av. SIMON BOLIVAR No. 436,PADRE ABAD,PADRE ABAD,UCAYALI
20605954911,CORPORACION OLYMPUS S.A.C.,EL MISTI,,004027,142402001,20/12/2027,Av. TENIENTE FERRE No. 213 - 217,MIRAFLORES,AREQUIPA,AREQUIPA
20605954911,CORPORACION OLYMPUS S.A.C.,SALA EL ROMANO,,000231-2024,142402003,20/01/2029,Av. UNIVERSITARIA NORTE No. 10799,COMAS,LIMA,LIMA
20605954911,CORPORACION OLYMPUS S.A.C.,BINGO PORTEÑO,,003585-2024,142402004,4/07/2029,Jr. COLON No. 441,CALLAO,PROV. CONST. DEL CALLAO,CALLAO
20605954911,CORPORACION OLYMPUS S.A.C.,TEXAS,,004844,142402005,9/11/2028,Av. NICOLAS DE PIEROLA 1473 No. 1473,LIMA,LIMA,LIMA
20606111178,GUACAMAYO AZUL S.A.C.,CASINO 37,,000334,142403003,10/02/2027,Av. PERU No. 3701,SAN MARTÍN DE PORRES,LIMA,LIMA
20606111178,GUACAMAYO AZUL S.A.C.,LA FONTANA III,,7391 - 2024,142403005,29/11/2029,Av. CAJAMARCA SUR No. 292,NUEVA CAJAMARCA,RIOJA,SAN MARTÍN
20606111178,GUACAMAYO AZUL S.A.C.,ALADINOS II,,7950 - 2024,142403006,20/12/2029,Jr. ALMIRANTE GRAU No. 550,RIOJA,RIOJA,SAN MARTÍN
20606111178,GUACAMAYO AZUL S.A.C.,MARC ANTHONY II,,3508 - 2025,142403007,20/05/2030,Av. Andrés Avelino Cáceres No. 435,TARAPOTO,SAN MARTÍN,SAN MARTÍN
20606627620,LAFAYETTE GAMING SAC,TRAGAMONEDAS SALAMANCA,,001932,142421001,8/11/2026,Calle LOS AYMARAS No. 150,ATE,LIMA,LIMA
20606627620,LAFAYETTE GAMING SAC,XIOVIT,,002399,142421002,20/12/2026,Av. LOS CHANCAS No. 447,SANTA ANITA,LIMA,LIMA
20606627620,LAFAYETTE GAMING SAC,WILLIAMS,,000157,142421004,24/01/2027,Av. RIVA AGÜERO SEGUNDO PISO No. 612 - 614,EL AGUSTINO,LIMA,LIMA
20607188174,GARNIER INVERSIONES SAC,AFRICA,,001635,142423001,4/10/2026,Av. GRAN CHIMU No. 777,SAN JUAN DE LURIGANCHO,LIMA,LIMA
20607971260,INVERSIONES GROUP GAMING S.A.C.,CAMBOYA,,001919,142424002,8/07/2027,Av. ANTUNEZ DE MAYOLO No. 817,LOS OLIVOS,LIMA,LIMA
20607502561,INVERSIONES VOLUSIA S.A.C.,MAMBOS,,001637,142425001,4/10/2025,Av. PRINCIPAL MZ C-7 LT 11 Lt. 11,VENTANILLA,PROV. CONST. DEL CALLAO,CALLAO
20608035274,CORPORACION GAMING S.A.C.,NILCI,,003672,142429001,23/11/2027,Av. PROLONGACION PARINACOCHAS No. 559 - 563,LA VICTORIA,LIMA,LIMA
20608035274,CORPORACION GAMING S.A.C.,SALA PALERMO,,001701,142429002,21/06/2027,Av. PALERMO No. 574 - 576,LA VICTORIA,LIMA,LIMA
20608035274,CORPORACION GAMING S.A.C.,CAMBOYA,,2572 - 2025,142429003,9/04/2030,Av. MANCO CAPAC No. 445 - 471,LA VICTORIA,LIMA,LIMA
20606806877,BROOKLINE GAMING S.A.C.,LUCKY PALACE,,001369,142438001,23/05/2027,Av. PROLONGACION HUANUCO No. 1553,LA VICTORIA,LIMA,LIMA
20606806877,BROOKLINE GAMING S.A.C.,GOLDEN LUCKY,,001864,142438002,6/07/2027,Av. AVIACION No. 200,LA VICTORIA,LIMA,LIMA
20606749547,HARTFORD INVERSIONES SAC,SCRATCH DO BRASIL,,001301,142439001,18/05/2027,Av. BRASIL No. 1295,JESÚS MARÍA,LIMA,LIMA
20608092324,MYAGUI GAMING SAC,TACNA II,,003846,142443001,5/12/2027,Av. TACNA No. 699,LIMA,LIMA,LIMA
20608092324,MYAGUI GAMING SAC,CALLAO II,,003513,142443002,15/11/2027,Av. SAENZ PEÑA No. 671,CALLAO,PROV. CONST. DEL CALLAO,CALLAO
20608092324,MYAGUI GAMING SAC,LINCE I,,000007,142443003,4/01/2028,Av. ARENALES No. 2037 - 2045,LINCE,LIMA,LIMA
20608092324,MYAGUI GAMING SAC,ZARATE,,002001,142443004,14/07/2027,Av. GRAN CHIMU No. 388,SAN JUAN DE LURIGANCHO,LIMA,LIMA
20608092324,MYAGUI GAMING SAC,BLOCK 6,,004189,142443006,29/12/2027,Av. PROLONGACION GAMARRA No. 685 - 687,LA VICTORIA,LIMA,LIMA
20608092324,MYAGUI GAMING SAC,BREÑA,,003329,142443007,3/11/2027,Jr. HUARAZ No. 1584,BREÑA,LIMA,LIMA
20608092324,MYAGUI GAMING SAC,ALFONSO,,004028,142443008,20/12/2027,Av. ALFONSO UGARTE No. 1490,BREÑA,LIMA,LIMA
20608092324,MYAGUI GAMING SAC,CHORRILLOS,,001629-2024,142443009,6/04/2029,Av. GUARDIA CIVIL No. 266 - 268,CHORRILLOS,LIMA,LIMA
20608092324,MYAGUI GAMING SAC,JIRON III,,003139,142443010,20/07/2028,Jr. DE LA UNION No. 543,LIMA,LIMA,LIMA
20608092324,MYAGUI GAMING SAC,RIMAC II,,002827,142443011,6/07/2028,Jr. TRUJILLO No. 239,RÍMAC,LIMA,LIMA
20608092324,MYAGUI GAMING SAC,BLOCK 9,,005368,142443012,12/12/2028,Av. ISABEL LA CATÓLICA No. 1612 - 1614,LA VICTORIA,LIMA,LIMA
20608092324,MYAGUI GAMING SAC,HABICH II,,3464,142443013,15/08/2028,Av. EDUARDO DE HABICH No. 565 - 569,SAN MARTÍN DE PORRES,LIMA,LIMA
20603232292,CORPORACION ALICHOY S.A.C.,RAMSES,,001694,142455001,21/06/2027,Av. ANGELICA GAMARRA DE LEON VELARDE No. 839,LOS OLIVOS,LIMA,LIMA
20608690868,INTERGAMING PERU S.A.C.,LA VICTORIA,,000109-2024,142485002,13/01/2029,Av. MANCO CÁPAC No. 591,LA VICTORIA,LIMA,LIMA
20610360905,DAENERYS ASOCIADOS S.A.C.,SALA DE JUEGOS BONANZA,,000410,142537001,2/02/2029,Calle DERECHA No. 634,HUARAL,HUARAL,LIMA
20608654233,VANADIO S.A.C.,FLAMENCO DE ORO II,,000191-2024,142545001,17/01/2029,Av. ISABEL LA CATÓLICA No. 1643 - 1653,LA VICTORIA,LIMA,LIMA
20608654233,VANADIO S.A.C.,IMPERIAL ROYAL IV,,001979-2024,142545002,18/04/2029,Jr. RAYMONDI No. 498 y Jr. TACNA No. 671,CALLERIA,CORONEL PORTILLO,UCAYALI
20608654233,VANADIO S.A.C.,FLAMENCO DE ORO V,,000321,142545003,30/01/2029,Jr. LAMBAYEQUE No. 127,AGUAS VERDES,ZARUMILLA,TUMBES
20603861061,LI GAMING SOCIEDAD ANONIMA CERRADA LI GAMING S.A.C.,CUZCO,,5068,142559003,24/11/2028,Jr. CUZCO No. 600,LIMA,LIMA,LIMA
20603861061,LI GAMING SOCIEDAD ANONIMA CERRADA LI GAMING S.A.C.,JIRON II,,197 - 2024,142559004,19/01/2029,Jr. DE LA UNION No. 869 - 879,LIMA,LIMA,LIMA
20603861061,LI GAMING SOCIEDAD ANONIMA CERRADA LI GAMING S.A.C.,TACNA I,,604 - 2024,142559005,8/02/2029,Av. EMANCIPACION No. 478 y Av. TACNA No. 473 - 475 - 477,LIMA,LIMA,LIMA
20603861061,LI GAMING SOCIEDAD ANONIMA CERRADA LI GAMING S.A.C.,SAN JUAN,,5147,142559006,29/11/2028,Av. PROCERES DE LA INDEPENDENCIA No. 2099,SAN JUAN DE LURIGANCHO,LIMA,LIMA
20603861061,LI GAMING SOCIEDAD ANONIMA CERRADA LI GAMING S.A.C.,HUANUCO,,1414 - 2024,142559007,22/03/2029,Jr. PROLONGACION HUANUCO No. 1548 - 1550,LA VICTORIA,LIMA,LIMA
20611765917,CORPORACION GOLDEN GAMING S.A.C.,EL FARAON,,5084 - 2024,142626001,29/08/2029,Av. PROCERES DE LA INDEPENDENCIA No. 2801 - 2803,SAN JUAN DE LURIGANCHO,LIMA,LIMA
20611887621,MAGIC CENTER PERU GAMING SOCIEDAD ANONIMA CERRADA,TROPICALISIMA,,7489 - 2024,142629002,11/12/2029,Jr. ZEPITA No. 318,ILO,ILO,MOQUEGUA
20611857803,AMARONE S.A.C.,TRAGAMONEDAS DUEÑAS,,2623 - 2025,142632003,15/04/2030,Av. PERU No. 1809 - 1817,SAN MARTÍN DE PORRES,LIMA,LIMA
20611137355,CORPORACION EMPRESARIAL HOLDING S.A.C.,ISLA DEL TESORO,,627 - 2025,142633001,31/01/2030,Av. SAN MARTIN No. 680,TACNA,TACNA,TACNA
20611137355,CORPORACION EMPRESARIAL HOLDING S.A.C.,KEOPS,,628 - 2025,142633002,31/01/2030,Jr. FRANCISCO PIZARRO No. 611 - 615 - 619 - 625,TRUJILLO,TRUJILLO,LA LIBERTAD
20611137355,CORPORACION EMPRESARIAL HOLDING S.A.C.,WINMEIER-SLOTS,,629 - 2025,142633003,31/01/2030,Av. FRANCISCO BOLOGNESI No. 756,CHICLAYO,CHICLAYO,LAMBAYEQUE
20611137355,CORPORACION EMPRESARIAL HOLDING S.A.C.,SOLID GOLD,HOTEL ****,630 - 2025,142633004,31/01/2030,FEDERICO VILLARREAL No. 115 y SALAVERRY No. 275 y Av. FEDERICO VILLARREAL No. 115 y Av. SALAVERRY No. 275,CHICLAYO,CHICLAYO,LAMBAYEQUE
20611137355,CORPORACION EMPRESARIAL HOLDING S.A.C.,LA CASCADA,,631 - 2025,142633005,31/01/2030,Av. TUNES NORTE No. 278 y Jr. SIMON BOLIVAR No. 289,TUMBES,TUMBES,TUMBES
20611137355,CORPORACION EMPRESARIAL HOLDING S.A.C.,MIAMI I,,633 - 2025,142633006,31/01/2030,Av. MANUEL RUIZ No. 368 - 382,CHIMBOTE,SANTA,ÁNCASH
20611137355,CORPORACION EMPRESARIAL HOLDING S.A.C.,LAS MUSAS,,634 - 2025,142633007,31/01/2030,Calle LOS FAIQUES No. 101,CHICLAYO,CHICLAYO,LAMBAYEQUE
20611137355,CORPORACION EMPRESARIAL HOLDING S.A.C.,MANTRA,,636 - 2025,142633009,31/01/2030,Av. 28 DE JULIO No. 224 - 226,HUACHO,HUAURA,LIMA
20611137355,CORPORACION EMPRESARIAL HOLDING S.A.C.,GANGAS,,637 - 2025,142633010,31/01/2030,Jr. GAMARRA No. 569 - 575,TRUJILLO,TRUJILLO,LA LIBERTAD
20611137355,CORPORACION EMPRESARIAL HOLDING S.A.C.,ALLEGRO,,639 - 2025,142633012,31/01/2030,Av. GRAU No. 559,PIURA,PIURA,PIURA
20611137355,CORPORACION EMPRESARIAL HOLDING S.A.C.,EL POLO SLOTS,,640 - 2025,142633013,31/01/2030,"Av. LA ENCALADA, TIENDA D-105, D-102, S-103 Y S-107 C.C. EL POLO HUNT No. 1415 - 1587",SANTIAGO DE SURCO,LIMA,LIMA
20611137355,CORPORACION EMPRESARIAL HOLDING S.A.C.,MOULIN ROUGE,,642 - 2025,142633015,31/01/2030,Jr. MARISCAL ORBEGOSO No. 524,TRUJILLO,TRUJILLO,LA LIBERTAD
20611137355,CORPORACION EMPRESARIAL HOLDING S.A.C.,BALTA SLOTS,,644 - 2025,142633016,31/01/2030,Av. JOSE BALTA No. 525 - 535,CHICLAYO,CHICLAYO,LAMBAYEQUE
20611137355,CORPORACION EMPRESARIAL HOLDING S.A.C.,EXCALIBUR,,645 - 2025,142633017,31/01/2030,Av. FRANCISCO PIZARRO No. 657,TRUJILLO,TRUJILLO,LA LIBERTAD
20611137355,CORPORACION EMPRESARIAL HOLDING S.A.C.,CASINOBAGDAD,,646 - 2025,142633018,31/01/2030,Jr. ELIAS AGUIRRE No. 498 y Jr. JUAN CUGLIEVAN No. 685 - 691,CHICLAYO,CHICLAYO,LAMBAYEQUE
20611137355,CORPORACION EMPRESARIAL HOLDING S.A.C.,DAMASCO,,648 - 2025,142633020,31/01/2030,Av. SAN MARTIN No. 577 - 597,TACNA,TACNA,TACNA
20611137355,CORPORACION EMPRESARIAL HOLDING S.A.C.,STAR,,650 - 2025,142633021,31/01/2030,Jr. LUIS JOSE DE ORBEGOSO No. 554 - 558,TRUJILLO,TRUJILLO,LA LIBERTAD
20611137355,CORPORACION EMPRESARIAL HOLDING S.A.C.,MEGA,,651 - 2025,142633022,31/01/2030,"Av. ALFREDO MENDIOLA MZ. A, LOTES 19 Y 20 Mz. A",INDEPENDENCIA,LIMA,LIMA
20265815830,CORPORACION TURISTICA PERUANA S.A.C.,ATLANTIC CITY,REST. 5TT,5362,210019051,21/01/2028,ALFREDO BENAVIDES No. 430,MIRAFLORES,LIMA,LIMA
20305556786,GAMING AND SERVICES S.A.C.,FANTASTIC CASINO,HOTEL *****,3066,210032051,19/01/2027,Av. MALECON DE LA RESERVA No. 615,MIRAFLORES,LIMA,LIMA
20305556786,GAMING AND SERVICES S.A.C.,MIAMI CASINO,REST. 5TT,3643,210032052,24/08/2027,Av. LA MARINA No. 1725 - 1729,SAN MIGUEL,LIMA,LIMA
20305556786,GAMING AND SERVICES S.A.C.,CRAZY CASINO,REST. 5TT,2149,210032053,26/05/2028,Av. Aviación No. 3424-3430,SAN BORJA,LIMA,LIMA
20145118493,GOLDEN GAMING S.A.,CASINO LA HACIENDA,HOTEL ****,1563 - 2025,210033051,7/03/2029,Av. 28 DE JULIO No. 531,MIRAFLORES,LIMA,LIMA
20346662612,GOLDEN INVESTMENT S.A.,CASINO GOLDEN PALACE,REST. 5TT,4436 - 2024,210034051,2/08/2028,Av. REPUBLICA DE PANAMA No. 3155 - 3165,SAN ISIDRO,LIMA,LIMA
20463564621,INTERSTATE GAMING DEL PERU S.A.,LUXOR CASINO,HOTEL ****,1190,210141051,--,Av. SAN MARTIN -2DO. PISO No. 562,TACNA,TACNA,TACNA
20334620183,SUN NIPPON COMPANY S.A.C.,FIESTA CASINO LUXOR,REST. 5TT,1649 - 2024,210510051,5/04/2028,Av. PRIMAVERA No. 1500,SANTIAGO DE SURCO,LIMA,LIMA
20515469380,RECREATIVOS EL GALEON S.A.C.,PACHANGA,REST. 5TT,1297,210805051,5/07/2027,Av. AVIACION No. 2424 - 2428,SAN BORJA,LIMA,LIMA
20513020792,NEWPORT CAPITAL S.A.C.,HELLO HOLLYWOOD,REST. 5TT,2032,210868052,7/03/2028,Av. La Marina No. 2159,SAN MIGUEL,LIMA,LIMA
20513020792,NEWPORT CAPITAL S.A.C.,OASIS PALACE,REST. 5TT,5529,210868053,18/12/2028,Av. Carlos Izaguirre No. 217-223,INDEPENDENCIA,LIMA,LIMA
20516403811,THUNDERBIRD FIESTA CASINO-BENAVIDES S.A.C.,FIESTA CASINO,REST. 5TT,1527,210992051,6/12/2026,Av. ALFREDO BENAVIDES No. 509,MIRAFLORES,LIMA,LIMA
20546406688,EGASA PERU S.A.C.,CASINO LUCKIA,REST. 5TT,3176,211516051,26/07/2027,"Av. ALFREDO MENDIOLA, INTERIOR A-12 C.C. MEGA PLAZA No. 3698",INDEPENDENCIA,LIMA,LIMA
20545188202,ABSOLUTE GAMES S.A.C.,LUCKIA,REST. 5TT,819 - 2024,211544051,20/02/2028,Av. LA MARINA No. 662 y Calle SANTA CECILIA No. 107 - 119,PUEBLO LIBRE,LIMA,LIMA
20549706500,DREAMS CORPORATION S.A.C.,PACHANGA,REST. 5TT,472,211668053,13/02/2027,"Av. CARLOS IZAGUIRRE , LOTE 24 Mz. C",INDEPENDENCIA,LIMA,LIMA
20549706500,DREAMS CORPORATION S.A.C.,NEW YORK CASINO,REST. 5TT,003775 - 2017,231668051,13/02/2027,Av. PERSHING No. 610 - 612,MAGDALENA DEL MAR,LIMA,LIMA
20611137355,CORPORACION EMPRESARIAL HOLDING S.A.C.,WIN & WIN,REST. 5TT,632 - 2025,232633001,31/01/2030,"Av. LA ENCALADA NROS 1415-1587 TIENDAS D-102, D-105, S-103, S-107 No. 1415 - 1587",SANTIAGO DE SURCO,LIMA,LIMA
20611137355,CORPORACION EMPRESARIAL HOLDING S.A.C.,WINMEIER CASINO,HOTEL ****,643 - 2025,232633002,31/01/2030,Av. FRANCISCO BOLOGNESI No. 756,CHICLAYO,CHICLAYO,LAMBAYEQUE
